<?xml version="1.0" encoding="utf-8" standalone="yes" ?>
<rss version="2.0" xmlns:atom="http://www.w3.org/2005/Atom">
  <channel>
    <title>3-Implementation : compute on Patrick Alin Site</title>
    <link>/compute/3-implementation/</link>
    <description>Recent content in 3-Implementation : compute on Patrick Alin Site</description>
    <generator>Hugo -- gohugo.io</generator>
    <language>en-us</language>
    <lastBuildDate>Sun, 25 Mar 2018 22:26:21 +0200</lastBuildDate>
    
	<atom:link href="/compute/3-implementation/index.xml" rel="self" type="application/rss+xml" />
    
    
    <item>
      <title>Implementation : centos</title>
      <link>/compute/3-implementation/implementationcentos/</link>
      <pubDate>Sun, 25 Mar 2018 22:26:22 +0200</pubDate>
      
      <guid>/compute/3-implementation/implementationcentos/</guid>
      <description>Installation &amp;hellip;
Configuration Run &amp;hellip;
Links &amp;hellip;</description>
    </item>
    
    <item>
      <title>Implementation : docker</title>
      <link>/compute/3-implementation/implementationdocker/</link>
      <pubDate>Sun, 25 Mar 2018 22:26:22 +0200</pubDate>
      
      <guid>/compute/3-implementation/implementationdocker/</guid>
      <description>Installation &amp;hellip;
Configuration Run &amp;hellip;
Links &amp;hellip;</description>
    </item>
    
    <item>
      <title>Implementation : kubernetes</title>
      <link>/compute/3-implementation/implementationkubernetes/</link>
      <pubDate>Sun, 25 Mar 2018 22:26:22 +0200</pubDate>
      
      <guid>/compute/3-implementation/implementationkubernetes/</guid>
      <description>Installation &amp;hellip;
Configuration Run &amp;hellip;
Links &amp;hellip;</description>
    </item>
    
    <item>
      <title>Implementation : vmWare</title>
      <link>/compute/3-implementation/implementationvmware/</link>
      <pubDate>Sun, 25 Mar 2018 22:26:22 +0200</pubDate>
      
      <guid>/compute/3-implementation/implementationvmware/</guid>
      <description>Installation &amp;hellip;
Configuration Run &amp;hellip;
Links &amp;hellip;</description>
    </item>
    
  </channel>
</rss>