<?xml version="1.0" encoding="utf-8" standalone="yes" ?>
<rss version="2.0" xmlns:atom="http://www.w3.org/2005/Atom">
  <channel>
    <title>2-Design : ... on Patrick Alin Site</title>
    <link>/developertools/2-design/</link>
    <description>Recent content in 2-Design : ... on Patrick Alin Site</description>
    <generator>Hugo -- gohugo.io</generator>
    <language>en-us</language>
    <lastBuildDate>Sun, 25 Mar 2018 21:59:32 +0200</lastBuildDate>
    
	<atom:link href="/developertools/2-design/index.xml" rel="self" type="application/rss+xml" />
    
    
    <item>
      <title>Design : ...</title>
      <link>/developertools/2-design/designscm/</link>
      <pubDate>Sun, 25 Mar 2018 22:00:16 +0200</pubDate>
      
      <guid>/developertools/2-design/designscm/</guid>
      <description>Lifecycle &amp;hellip;
Continuity of operations &amp;hellip;.
Data exchange &amp;hellip;
Roles &amp;hellip;
Constraints &amp;hellip;
Sizing &amp;hellip;</description>
    </item>
    
    <item>
      <title>Design : Software factory</title>
      <link>/developertools/2-design/designci/</link>
      <pubDate>Sun, 25 Mar 2018 22:00:16 +0200</pubDate>
      
      <guid>/developertools/2-design/designci/</guid>
      <description>Lifecycle &amp;hellip;
Continuity of operations &amp;hellip;.
Data exchange &amp;hellip;
Roles &amp;hellip;
Constraints &amp;hellip;
Sizing &amp;hellip;</description>
    </item>
    
    <item>
      <title>Design : Registry</title>
      <link>/developertools/2-design/designregistry/</link>
      <pubDate>Sun, 25 Mar 2018 21:59:33 +0200</pubDate>
      
      <guid>/developertools/2-design/designregistry/</guid>
      <description>Lifecycle &amp;hellip;
Continuity of operations &amp;hellip;.
Data exchange &amp;hellip;
Roles &amp;hellip;
Constraints &amp;hellip;
Sizing &amp;hellip;</description>
    </item>
    
  </channel>
</rss>