<?xml version="1.0" encoding="utf-8" standalone="yes" ?>
<rss version="2.0" xmlns:atom="http://www.w3.org/2005/Atom">
  <channel>
    <title>Design on Patrick Alin Site</title>
    <link>/tags/design/</link>
    <description>Recent content in Design on Patrick Alin Site</description>
    <generator>Hugo -- gohugo.io</generator>
    <language>en-us</language>
    <lastBuildDate>Mon, 26 Mar 2018 22:20:50 +0200</lastBuildDate>
    
	<atom:link href="/tags/design/index.xml" rel="self" type="application/rss+xml" />
    
    
    <item>
      <title>Design : Certificat</title>
      <link>/security/2-design/designcertificat/</link>
      <pubDate>Mon, 26 Mar 2018 22:20:50 +0200</pubDate>
      
      <guid>/security/2-design/designcertificat/</guid>
      <description>Lifecycle &amp;hellip;
Continuity of operations &amp;hellip;.
Data exchange &amp;hellip;
Roles &amp;hellip;
Constraints &amp;hellip;
Sizing &amp;hellip;</description>
    </item>
    
    <item>
      <title>Design : HSM</title>
      <link>/security/2-design/designhsm/</link>
      <pubDate>Mon, 26 Mar 2018 22:20:50 +0200</pubDate>
      
      <guid>/security/2-design/designhsm/</guid>
      <description>Lifecycle &amp;hellip;
Continuity of operations &amp;hellip;.
Data exchange &amp;hellip;
Roles &amp;hellip;
Constraints &amp;hellip;
Sizing &amp;hellip;</description>
    </item>
    
    <item>
      <title>Design : Bigdata</title>
      <link>/analytics/2-design/designbigdata/</link>
      <pubDate>Sun, 25 Mar 2018 22:56:29 +0200</pubDate>
      
      <guid>/analytics/2-design/designbigdata/</guid>
      <description>Lifecycle &amp;hellip;
Continuity of operations &amp;hellip;.
Data exchange &amp;hellip;
Roles &amp;hellip;
Constraints &amp;hellip;
Sizing &amp;hellip;</description>
    </item>
    
    <item>
      <title>Design : ETL</title>
      <link>/analytics/2-design/designetl/</link>
      <pubDate>Sun, 25 Mar 2018 22:56:29 +0200</pubDate>
      
      <guid>/analytics/2-design/designetl/</guid>
      <description>Lifecycle &amp;hellip;
Continuity of operations &amp;hellip;.
Data exchange &amp;hellip;
Roles &amp;hellip;
Constraints &amp;hellip;
Sizing &amp;hellip;</description>
    </item>
    
    <item>
      <title>Design : OpenTracing</title>
      <link>/analytics/2-design/designopentracing/</link>
      <pubDate>Sun, 25 Mar 2018 22:56:29 +0200</pubDate>
      
      <guid>/analytics/2-design/designopentracing/</guid>
      <description>Lifecycle &amp;hellip;
Continuity of operations &amp;hellip;.
Data exchange &amp;hellip;
Roles &amp;hellip;
Constraints &amp;hellip;
Sizing &amp;hellip;</description>
    </item>
    
    <item>
      <title>Design : mobile</title>
      <link>/mobile/2-design/designmobile/</link>
      <pubDate>Sun, 25 Mar 2018 22:40:15 +0200</pubDate>
      
      <guid>/mobile/2-design/designmobile/</guid>
      <description>Lifecycle &amp;hellip;
Continuity of operations &amp;hellip;.
Data exchange &amp;hellip;
Roles &amp;hellip;
Constraints &amp;hellip;
Sizing &amp;hellip;</description>
    </item>
    
    <item>
      <title>Design : API Manager</title>
      <link>/contentdelivery/2-design/designapimanager/</link>
      <pubDate>Sun, 25 Mar 2018 22:36:53 +0200</pubDate>
      
      <guid>/contentdelivery/2-design/designapimanager/</guid>
      <description>Lifecycle &amp;hellip;
Continuity of operations &amp;hellip;.
Data exchange &amp;hellip;
Roles &amp;hellip;
Constraints &amp;hellip;
Sizing &amp;hellip;</description>
    </item>
    
    <item>
      <title>Design : Event Grid</title>
      <link>/contentdelivery/2-design/designeventsgrid/</link>
      <pubDate>Sun, 25 Mar 2018 22:36:53 +0200</pubDate>
      
      <guid>/contentdelivery/2-design/designeventsgrid/</guid>
      <description>Lifecycle &amp;hellip;
Continuity of operations &amp;hellip;.
Data exchange &amp;hellip;
Roles &amp;hellip;
Constraints &amp;hellip;
Sizing &amp;hellip;</description>
    </item>
    
    <item>
      <title>Design : RP</title>
      <link>/contentdelivery/2-design/designreverseproxy/</link>
      <pubDate>Sun, 25 Mar 2018 22:36:53 +0200</pubDate>
      
      <guid>/contentdelivery/2-design/designreverseproxy/</guid>
      <description>Lifecycle &amp;hellip;
Continuity of operations &amp;hellip;.
Data exchange &amp;hellip;
Roles &amp;hellip;
Constraints &amp;hellip;
Sizing &amp;hellip;</description>
    </item>
    
    <item>
      <title>Design : DNS</title>
      <link>/network/2-design/designdns/</link>
      <pubDate>Sun, 25 Mar 2018 22:33:22 +0200</pubDate>
      
      <guid>/network/2-design/designdns/</guid>
      <description>Lifecycle &amp;hellip;
Continuity of operations &amp;hellip;.
Data exchange &amp;hellip;
Roles &amp;hellip;
Constraints &amp;hellip;
Sizing &amp;hellip;</description>
    </item>
    
    <item>
      <title>Design : Load Balancer</title>
      <link>/network/2-design/designloadbalancer/</link>
      <pubDate>Sun, 25 Mar 2018 22:33:22 +0200</pubDate>
      
      <guid>/network/2-design/designloadbalancer/</guid>
      <description>Lifecycle &amp;hellip;
Continuity of operations &amp;hellip;.
Data exchange &amp;hellip;
Roles &amp;hellip;
Constraints &amp;hellip;
Sizing &amp;hellip;</description>
    </item>
    
    <item>
      <title>Design : Proxy</title>
      <link>/network/2-design/designproxy/</link>
      <pubDate>Sun, 25 Mar 2018 22:33:22 +0200</pubDate>
      
      <guid>/network/2-design/designproxy/</guid>
      <description>Lifecycle &amp;hellip;
Continuity of operations &amp;hellip;.
Data exchange &amp;hellip;
Roles &amp;hellip;
Constraints &amp;hellip;
Sizing &amp;hellip;</description>
    </item>
    
    <item>
      <title>Design : Trafic Manager</title>
      <link>/network/2-design/designtraficmanager/</link>
      <pubDate>Sun, 25 Mar 2018 22:33:22 +0200</pubDate>
      
      <guid>/network/2-design/designtraficmanager/</guid>
      <description>Lifecycle &amp;hellip;
Continuity of operations &amp;hellip;.
Data exchange &amp;hellip;
Roles &amp;hellip;
Constraints &amp;hellip;
Sizing &amp;hellip;</description>
    </item>
    
    <item>
      <title>Design : VPN.</title>
      <link>/network/2-design/designvpn/</link>
      <pubDate>Sun, 25 Mar 2018 22:33:22 +0200</pubDate>
      
      <guid>/network/2-design/designvpn/</guid>
      <description>Lifecycle &amp;hellip;
Continuity of operations &amp;hellip;.
Data exchange &amp;hellip;
Roles &amp;hellip;
Constraints &amp;hellip;
Sizing &amp;hellip;</description>
    </item>
    
    <item>
      <title>Design : ...</title>
      <link>/compute/2-design/designcontainer/</link>
      <pubDate>Sun, 25 Mar 2018 22:26:21 +0200</pubDate>
      
      <guid>/compute/2-design/designcontainer/</guid>
      <description>Lifecycle &amp;hellip;
Continuity of operations &amp;hellip;.
Data exchange &amp;hellip;
Roles &amp;hellip;
Constraints &amp;hellip;
Sizing &amp;hellip;</description>
    </item>
    
    <item>
      <title>Design : ...</title>
      <link>/compute/2-design/designserveless/</link>
      <pubDate>Sun, 25 Mar 2018 22:26:21 +0200</pubDate>
      
      <guid>/compute/2-design/designserveless/</guid>
      <description>Lifecycle &amp;hellip;
Continuity of operations &amp;hellip;.
Data exchange &amp;hellip;
Roles &amp;hellip;
Constraints &amp;hellip;
Sizing &amp;hellip;</description>
    </item>
    
    <item>
      <title>Design : ...</title>
      <link>/compute/2-design/designvm/</link>
      <pubDate>Sun, 25 Mar 2018 22:26:21 +0200</pubDate>
      
      <guid>/compute/2-design/designvm/</guid>
      <description>Lifecycle &amp;hellip;
Continuity of operations &amp;hellip;.
Data exchange &amp;hellip;
Roles &amp;hellip;
Constraints &amp;hellip;
Sizing &amp;hellip;</description>
    </item>
    
    <item>
      <title>Design : Linux</title>
      <link>/compute/2-design/designlinux/</link>
      <pubDate>Sun, 25 Mar 2018 22:26:21 +0200</pubDate>
      
      <guid>/compute/2-design/designlinux/</guid>
      <description>Lifecycle &amp;hellip;
Continuity of operations &amp;hellip;.
Data exchange &amp;hellip;
Roles &amp;hellip;
Constraints &amp;hellip;
Sizing &amp;hellip;</description>
    </item>
    
    <item>
      <title>Design : ...</title>
      <link>/office/2-design/designdirectory/</link>
      <pubDate>Sun, 25 Mar 2018 22:21:50 +0200</pubDate>
      
      <guid>/office/2-design/designdirectory/</guid>
      <description>Lifecycle &amp;hellip;
Continuity of operations &amp;hellip;.
Data exchange &amp;hellip;
Roles &amp;hellip;
Constraints &amp;hellip;
Sizing &amp;hellip;
OpenLDAP Microsoft Active Directory</description>
    </item>
    
    <item>
      <title>Design : ...</title>
      <link>/office/2-design/designfileserver/</link>
      <pubDate>Sun, 25 Mar 2018 22:21:50 +0200</pubDate>
      
      <guid>/office/2-design/designfileserver/</guid>
      <description>Lifecycle &amp;hellip;
Continuity of operations &amp;hellip;.
Data exchange &amp;hellip;
Roles &amp;hellip;
Constraints &amp;hellip;
Sizing &amp;hellip;</description>
    </item>
    
    <item>
      <title>Design : ...</title>
      <link>/office/2-design/designmail/</link>
      <pubDate>Sun, 25 Mar 2018 22:21:50 +0200</pubDate>
      
      <guid>/office/2-design/designmail/</guid>
      <description>Lifecycle &amp;hellip;
Continuity of operations &amp;hellip;.
Data exchange &amp;hellip;
Roles &amp;hellip;
Constraints &amp;hellip;
Sizing &amp;hellip;</description>
    </item>
    
    <item>
      <title>Design : ...</title>
      <link>/office/2-design/designprintserver/</link>
      <pubDate>Sun, 25 Mar 2018 22:21:50 +0200</pubDate>
      
      <guid>/office/2-design/designprintserver/</guid>
      <description>Lifecycle &amp;hellip;
Continuity of operations &amp;hellip;.
Data exchange &amp;hellip;
Roles &amp;hellip;
Constraints &amp;hellip;
Sizing &amp;hellip;</description>
    </item>
    
    <item>
      <title>Design : ...</title>
      <link>/office/2-design/designvoip/</link>
      <pubDate>Sun, 25 Mar 2018 22:21:50 +0200</pubDate>
      
      <guid>/office/2-design/designvoip/</guid>
      <description>Lifecycle &amp;hellip;
Continuity of operations &amp;hellip;.
Data exchange &amp;hellip;
Roles &amp;hellip;
Constraints &amp;hellip;
Sizing &amp;hellip;</description>
    </item>
    
    <item>
      <title>Design : ...</title>
      <link>/software/2-design/designapplicationserver/</link>
      <pubDate>Sun, 25 Mar 2018 22:02:47 +0200</pubDate>
      
      <guid>/software/2-design/designapplicationserver/</guid>
      <description>Lifecycle &amp;hellip;
Continuity of operations &amp;hellip;.
Data exchange &amp;hellip;
Roles &amp;hellip;
Constraints &amp;hellip;
Sizing &amp;hellip;</description>
    </item>
    
    <item>
      <title>Design : Static Web Generator</title>
      <link>/software/2-design/designstaticwebgenerator/</link>
      <pubDate>Sun, 25 Mar 2018 22:02:47 +0200</pubDate>
      
      <guid>/software/2-design/designstaticwebgenerator/</guid>
      <description>Lifecycle &amp;hellip;
Continuity of operations &amp;hellip;.
Data exchange &amp;hellip;
Roles &amp;hellip;
Constraints &amp;hellip;
Sizing &amp;hellip;</description>
    </item>
    
    <item>
      <title>Design : S3</title>
      <link>/storage/2-design/designs3/</link>
      <pubDate>Sun, 25 Mar 2018 22:00:36 +0200</pubDate>
      
      <guid>/storage/2-design/designs3/</guid>
      <description>Lifecycle &amp;hellip;
Continuity of operations &amp;hellip;.
Data exchange &amp;hellip;
Roles &amp;hellip;
Constraints &amp;hellip;
Sizing &amp;hellip;</description>
    </item>
    
    <item>
      <title>Design : S3</title>
      <link>/storage/2-design/designbackup/</link>
      <pubDate>Sun, 25 Mar 2018 22:00:36 +0200</pubDate>
      
      <guid>/storage/2-design/designbackup/</guid>
      <description>Lifecycle &amp;hellip;
Continuity of operations &amp;hellip;.
Data exchange &amp;hellip;
Roles &amp;hellip;
Constraints &amp;hellip;
Sizing &amp;hellip;</description>
    </item>
    
    <item>
      <title>Design : SAN</title>
      <link>/storage/2-design/designsan/</link>
      <pubDate>Sun, 25 Mar 2018 22:00:36 +0200</pubDate>
      
      <guid>/storage/2-design/designsan/</guid>
      <description>Lifecycle &amp;hellip;
Continuity of operations &amp;hellip;.
Data exchange &amp;hellip;
Roles &amp;hellip;
Constraints &amp;hellip;
Sizing &amp;hellip;</description>
    </item>
    
    <item>
      <title>Design : ...</title>
      <link>/developertools/2-design/designscm/</link>
      <pubDate>Sun, 25 Mar 2018 22:00:16 +0200</pubDate>
      
      <guid>/developertools/2-design/designscm/</guid>
      <description>Lifecycle &amp;hellip;
Continuity of operations &amp;hellip;.
Data exchange &amp;hellip;
Roles &amp;hellip;
Constraints &amp;hellip;
Sizing &amp;hellip;</description>
    </item>
    
    <item>
      <title>Design : Software factory</title>
      <link>/developertools/2-design/designci/</link>
      <pubDate>Sun, 25 Mar 2018 22:00:16 +0200</pubDate>
      
      <guid>/developertools/2-design/designci/</guid>
      <description>Lifecycle &amp;hellip;
Continuity of operations &amp;hellip;.
Data exchange &amp;hellip;
Roles &amp;hellip;
Constraints &amp;hellip;
Sizing &amp;hellip;</description>
    </item>
    
    <item>
      <title>Design : Registry</title>
      <link>/developertools/2-design/designregistry/</link>
      <pubDate>Sun, 25 Mar 2018 21:59:33 +0200</pubDate>
      
      <guid>/developertools/2-design/designregistry/</guid>
      <description>Lifecycle &amp;hellip;
Continuity of operations &amp;hellip;.
Data exchange &amp;hellip;
Roles &amp;hellip;
Constraints &amp;hellip;
Sizing &amp;hellip;</description>
    </item>
    
    <item>
      <title>Design : ...</title>
      <link>/databases/2-design/designexample/</link>
      <pubDate>Sun, 25 Mar 2018 21:55:27 +0200</pubDate>
      
      <guid>/databases/2-design/designexample/</guid>
      <description>Lifecycle &amp;hellip;
Continuity of operations &amp;hellip;.
Data exchange &amp;hellip;
Roles &amp;hellip;
Constraints &amp;hellip;
Sizing &amp;hellip;</description>
    </item>
    
    <item>
      <title>Design : logs applicatifs</title>
      <link>/managementtools/2-design/designlogapplicatifs/</link>
      <pubDate>Sun, 25 Mar 2018 21:49:55 +0200</pubDate>
      
      <guid>/managementtools/2-design/designlogapplicatifs/</guid>
      <description>Lifecycle &amp;hellip;
Continuity of operations &amp;hellip;.
Data exchange &amp;hellip;
Roles &amp;hellip;
Constraints &amp;hellip;
Sizing &amp;hellip;</description>
    </item>
    
    <item>
      <title>Design : security logs</title>
      <link>/managementtools/2-design/designlogsecurity/</link>
      <pubDate>Sun, 25 Mar 2018 21:49:55 +0200</pubDate>
      
      <guid>/managementtools/2-design/designlogsecurity/</guid>
      <description>Lifecycle &amp;hellip;
Continuity of operations &amp;hellip;.
Data exchange &amp;hellip;
Roles &amp;hellip;
Constraints &amp;hellip;
Sizing &amp;hellip;</description>
    </item>
    
    <item>
      <title>2-Design : security</title>
      <link>/security/2-design/</link>
      <pubDate>Mon, 26 Mar 2018 22:20:49 +0200</pubDate>
      
      <guid>/security/2-design/</guid>
      <description>  Design : Certificat Design : Certificat
  Design : HSM Design : HSM
  </description>
    </item>
    
    <item>
      <title>2-Design : Analytics</title>
      <link>/analytics/2-design/</link>
      <pubDate>Sun, 25 Mar 2018 22:56:28 +0200</pubDate>
      
      <guid>/analytics/2-design/</guid>
      <description>  Design : Bigdata Bigdata
  Design : ETL ETL
  Design : OpenTracing OpenTracing
  </description>
    </item>
    
    <item>
      <title>2-Design : mobile</title>
      <link>/mobile/2-design/</link>
      <pubDate>Sun, 25 Mar 2018 22:40:14 +0200</pubDate>
      
      <guid>/mobile/2-design/</guid>
      <description>  Design : mobile Design : mobile
  </description>
    </item>
    
    <item>
      <title>2-Design : content delivery</title>
      <link>/contentdelivery/2-design/</link>
      <pubDate>Sun, 25 Mar 2018 22:36:52 +0200</pubDate>
      
      <guid>/contentdelivery/2-design/</guid>
      <description>  Design : API Manager Design : API Manager
  Design : Event Grid Design : Event Grid
  Design : RP Design : Reverse Proxy
  </description>
    </item>
    
    <item>
      <title>2-Design : IOT</title>
      <link>/iot/2-design/</link>
      <pubDate>Sun, 25 Mar 2018 22:33:21 +0200</pubDate>
      
      <guid>/iot/2-design/</guid>
      <description>  </description>
    </item>
    
    <item>
      <title>2-Design : network</title>
      <link>/network/2-design/</link>
      <pubDate>Sun, 25 Mar 2018 22:33:21 +0200</pubDate>
      
      <guid>/network/2-design/</guid>
      <description>  Design : DNS Design : DNS
  Design : Load Balancer Design : Load Balancer
  Design : Proxy Design : Proxy
  Design : Trafic Manager Design : Trafic Manager
  Design : VPN. Design : VPN
  </description>
    </item>
    
    <item>
      <title>2-Design : compute</title>
      <link>/compute/2-design/</link>
      <pubDate>Sun, 25 Mar 2018 22:26:21 +0200</pubDate>
      
      <guid>/compute/2-design/</guid>
      <description>  Design : ... Design : container
  Design : ... Design : serverless
  Design : ... Design : vm
  Design : Linux Design : Linux
  </description>
    </item>
    
    <item>
      <title>2-Design : office</title>
      <link>/office/2-design/</link>
      <pubDate>Sun, 25 Mar 2018 22:21:49 +0200</pubDate>
      
      <guid>/office/2-design/</guid>
      <description>  Design : ... Design : Directory
  Design : ... Design : File Server
  Design : ... Design : Mail
  Design : ... Design : Print Server
  Design : ... Design : VOIP
  </description>
    </item>
    
    <item>
      <title>2-Design : software</title>
      <link>/software/2-design/</link>
      <pubDate>Sun, 25 Mar 2018 22:02:46 +0200</pubDate>
      
      <guid>/software/2-design/</guid>
      <description>  Design : ... Design : Application Server
  Design : Static Web Generator Design : Static Web Generator
  </description>
    </item>
    
    <item>
      <title>2-Design : stockage</title>
      <link>/storage/2-design/</link>
      <pubDate>Sun, 25 Mar 2018 22:00:35 +0200</pubDate>
      
      <guid>/storage/2-design/</guid>
      <description>  Design : S3 Design : S3
  Design : S3 Design : S3
  Design : SAN Design : SAN
   title: &amp;ldquo;Design : SFTP&amp;rdquo; description: &amp;ldquo;Design : SFTP&amp;rdquo; tags: [ &amp;ldquo;Design&amp;rdquo;, &amp;ldquo;SFTP&amp;rdquo; ] date: 2018-03-25T22:00:36+02:00 weight: 1 Lifecycle &amp;hellip; Continuity of operations &amp;hellip;. Data exchange &amp;hellip; Roles &amp;hellip; Constraints &amp;hellip; Sizing &amp;hellip;
  </description>
    </item>
    
    <item>
      <title>2-Design : ...</title>
      <link>/developertools/2-design/</link>
      <pubDate>Sun, 25 Mar 2018 21:59:32 +0200</pubDate>
      
      <guid>/developertools/2-design/</guid>
      <description>  Design : ... Design : Source Controle Management
  Design : Software factory Design : COntinuous Integration
  Design : Registry Design : Registry
  </description>
    </item>
    
    <item>
      <title>2-Design : ...</title>
      <link>/databases/2-design/</link>
      <pubDate>Sun, 25 Mar 2018 21:55:26 +0200</pubDate>
      
      <guid>/databases/2-design/</guid>
      <description>  Design : ... Design : ...
  </description>
    </item>
    
    <item>
      <title>2- Design : Monitoring</title>
      <link>/managementtools/2-design/</link>
      <pubDate>Fri, 23 Mar 2018 00:00:00 +0000</pubDate>
      
      <guid>/managementtools/2-design/</guid>
      <description> Monitoring  Design : logs applicatifs Design : logs applicatifs
  Design : security logs Design : security logs
  Design Metrics Collector Metrics : Time Series Database
  Design Alert Alerting : Email, Sms, Webhook, ...
  Design Graph Display metrics
  </description>
    </item>
    
    <item>
      <title>Design Alert</title>
      <link>/managementtools/2-design/designalert/</link>
      <pubDate>Fri, 23 Mar 2018 00:00:00 +0000</pubDate>
      
      <guid>/managementtools/2-design/designalert/</guid>
      <description> Choice possible :
 Alertmanager from Prometheus. Alert from Grapha. Kapacitor from InfluxDat  Alertmanager Execute alertmanager in Docker. One instance is enough.
Update version Update each month.
Test  time to restart the service : time to restart the container time to reinstall the service : time to clone the git, et restart the container test alert Email test the webhook  </description>
    </item>
    
    <item>
      <title>Design Graph</title>
      <link>/managementtools/2-design/designgraph/</link>
      <pubDate>Fri, 23 Mar 2018 00:00:00 +0000</pubDate>
      
      <guid>/managementtools/2-design/designgraph/</guid>
      <description>Graph Graph is only when there is a problem. Nobody have to look graph.
Data From the retention of metrics.
Security No security, graph are open for everybody.</description>
    </item>
    
    <item>
      <title>Design Metrics Collector</title>
      <link>/managementtools/2-design/designmetrics/</link>
      <pubDate>Fri, 23 Mar 2018 00:00:00 +0000</pubDate>
      
      <guid>/managementtools/2-design/designmetrics/</guid>
      <description>  Prometheus Influxdb  Lifecycle Update each month.
Continuity of operations Data exchange Import data from /metrics
Roles  admin : add new connector all : consult data  Constraints Sizing </description>
    </item>
    
  </channel>
</rss>