<?xml version="1.0" encoding="utf-8" standalone="yes" ?>
<rss version="2.0" xmlns:atom="http://www.w3.org/2005/Atom">
  <channel>
    <title>Docker on Patrick Alin Site</title>
    <link>/tags/docker/</link>
    <description>Recent content in Docker on Patrick Alin Site</description>
    <generator>Hugo -- gohugo.io</generator>
    <language>en-us</language>
    <lastBuildDate>Sun, 25 Mar 2018 22:26:22 +0200</lastBuildDate>
    
	<atom:link href="/tags/docker/index.xml" rel="self" type="application/rss+xml" />
    
    
    <item>
      <title>Implementation : docker</title>
      <link>/compute/3-implementation/implementationdocker/</link>
      <pubDate>Sun, 25 Mar 2018 22:26:22 +0200</pubDate>
      
      <guid>/compute/3-implementation/implementationdocker/</guid>
      <description>Installation &amp;hellip;
Configuration Run &amp;hellip;
Links &amp;hellip;</description>
    </item>
    
    <item>
      <title>3-Implementation : compute</title>
      <link>/compute/3-implementation/</link>
      <pubDate>Sun, 25 Mar 2018 22:26:21 +0200</pubDate>
      
      <guid>/compute/3-implementation/</guid>
      <description>  Implementation : centos Implementation : centos
  Implementation : docker Implementation : docker
  Implementation : kubernetes Implementation : kubernetes
  Implementation : vmWare Implementation : vmWare
  </description>
    </item>
    
    <item>
      <title>RA : VM</title>
      <link>/compute/1-architecture/arvm/</link>
      <pubDate>Sun, 25 Mar 2018 22:26:21 +0200</pubDate>
      
      <guid>/compute/1-architecture/arvm/</guid>
      <description>Use cases &amp;hellip;
Requirements &amp;hellip;
Interfaces/ interconnections &amp;hellip;
Data &amp;hellip;
Security &amp;hellip;
DRP &amp;hellip;
Link to others RA &amp;hellip;</description>
    </item>
    
  </channel>
</rss>