<?xml version="1.0" encoding="utf-8" standalone="yes" ?>
<rss version="2.0" xmlns:atom="http://www.w3.org/2005/Atom">
  <channel>
    <title>Tags on Patrick Alin Site</title>
    <link>/tags/</link>
    <description>Recent content in Tags on Patrick Alin Site</description>
    <generator>Hugo -- gohugo.io</generator>
    <language>en-us</language>
    <lastBuildDate>Sun, 25 Mar 2018 22:26:21 +0200</lastBuildDate>
    
	<atom:link href="/tags/index.xml" rel="self" type="application/rss+xml" />
    
    
    <item>
      <title>...</title>
      <link>/tags/.../</link>
      <pubDate>Sun, 25 Mar 2018 22:26:21 +0200</pubDate>
      
      <guid>/tags/.../</guid>
      <description></description>
    </item>
    
    <item>
      <title>Ai</title>
      <link>/tags/ai/</link>
      <pubDate>Sun, 25 Mar 2018 22:56:29 +0200</pubDate>
      
      <guid>/tags/ai/</guid>
      <description></description>
    </item>
    
    <item>
      <title>Alert</title>
      <link>/tags/alert/</link>
      <pubDate>Fri, 23 Mar 2018 00:00:00 +0000</pubDate>
      
      <guid>/tags/alert/</guid>
      <description></description>
    </item>
    
    <item>
      <title>Alertmanager</title>
      <link>/tags/alertmanager/</link>
      <pubDate>Fri, 23 Mar 2018 00:00:00 +0000</pubDate>
      
      <guid>/tags/alertmanager/</guid>
      <description></description>
    </item>
    
    <item>
      <title>Analystics</title>
      <link>/tags/analystics/</link>
      <pubDate>Sun, 25 Mar 2018 22:56:29 +0200</pubDate>
      
      <guid>/tags/analystics/</guid>
      <description></description>
    </item>
    
    <item>
      <title>Analytics</title>
      <link>/tags/analytics/</link>
      <pubDate>Sun, 25 Mar 2018 22:56:29 +0200</pubDate>
      
      <guid>/tags/analytics/</guid>
      <description></description>
    </item>
    
    <item>
      <title>Ansible</title>
      <link>/tags/ansible/</link>
      <pubDate>Sun, 25 Mar 2018 21:54:31 +0200</pubDate>
      
      <guid>/tags/ansible/</guid>
      <description></description>
    </item>
    
    <item>
      <title>Api Manager</title>
      <link>/tags/api-manager/</link>
      <pubDate>Sun, 25 Mar 2018 22:36:53 +0200</pubDate>
      
      <guid>/tags/api-manager/</guid>
      <description></description>
    </item>
    
    <item>
      <title>Application Server</title>
      <link>/tags/application-server/</link>
      <pubDate>Sun, 25 Mar 2018 22:02:45 +0200</pubDate>
      
      <guid>/tags/application-server/</guid>
      <description></description>
    </item>
    
    <item>
      <title>Authenticate</title>
      <link>/tags/authenticate/</link>
      <pubDate>Mon, 26 Mar 2018 22:20:50 +0200</pubDate>
      
      <guid>/tags/authenticate/</guid>
      <description></description>
    </item>
    
    <item>
      <title>Backup</title>
      <link>/tags/backup/</link>
      <pubDate>Sun, 25 Mar 2018 22:00:35 +0200</pubDate>
      
      <guid>/tags/backup/</guid>
      <description></description>
    </item>
    
    <item>
      <title>Bam</title>
      <link>/tags/bam/</link>
      <pubDate>Sun, 25 Mar 2018 22:56:29 +0200</pubDate>
      
      <guid>/tags/bam/</guid>
      <description></description>
    </item>
    
    <item>
      <title>Batch</title>
      <link>/tags/batch/</link>
      <pubDate>Sun, 25 Mar 2018 22:02:46 +0200</pubDate>
      
      <guid>/tags/batch/</guid>
      <description></description>
    </item>
    
    <item>
      <title>Big Data</title>
      <link>/tags/big-data/</link>
      <pubDate>Sun, 25 Mar 2018 22:56:27 +0200</pubDate>
      
      <guid>/tags/big-data/</guid>
      <description></description>
    </item>
    
    <item>
      <title>Bigdata</title>
      <link>/tags/bigdata/</link>
      <pubDate>Sun, 25 Mar 2018 22:56:29 +0200</pubDate>
      
      <guid>/tags/bigdata/</guid>
      <description></description>
    </item>
    
    <item>
      <title>Bind</title>
      <link>/tags/bind/</link>
      <pubDate>Sun, 25 Mar 2018 22:33:21 +0200</pubDate>
      
      <guid>/tags/bind/</guid>
      <description></description>
    </item>
    
    <item>
      <title>Caas</title>
      <link>/tags/caas/</link>
      <pubDate>Sun, 25 Mar 2018 22:26:21 +0200</pubDate>
      
      <guid>/tags/caas/</guid>
      <description></description>
    </item>
    
    <item>
      <title>Cache</title>
      <link>/tags/cache/</link>
      <pubDate>Sun, 25 Mar 2018 21:55:27 +0200</pubDate>
      
      <guid>/tags/cache/</guid>
      <description></description>
    </item>
    
    <item>
      <title>Cadvisor</title>
      <link>/tags/cadvisor/</link>
      <pubDate>Fri, 23 Mar 2018 00:00:00 +0000</pubDate>
      
      <guid>/tags/cadvisor/</guid>
      <description></description>
    </item>
    
    <item>
      <title>Centos</title>
      <link>/tags/centos/</link>
      <pubDate>Sun, 25 Mar 2018 22:26:22 +0200</pubDate>
      
      <guid>/tags/centos/</guid>
      <description></description>
    </item>
    
    <item>
      <title>Certificat</title>
      <link>/tags/certificat/</link>
      <pubDate>Mon, 26 Mar 2018 22:20:50 +0200</pubDate>
      
      <guid>/tags/certificat/</guid>
      <description></description>
    </item>
    
    <item>
      <title>Certificats</title>
      <link>/tags/certificats/</link>
      <pubDate>Mon, 26 Mar 2018 22:20:50 +0200</pubDate>
      
      <guid>/tags/certificats/</guid>
      <description></description>
    </item>
    
    <item>
      <title>Ci</title>
      <link>/tags/ci/</link>
      <pubDate>Sun, 25 Mar 2018 22:00:16 +0200</pubDate>
      
      <guid>/tags/ci/</guid>
      <description></description>
    </item>
    
    <item>
      <title>Compute</title>
      <link>/tags/compute/</link>
      <pubDate>Sun, 25 Mar 2018 22:26:20 +0200</pubDate>
      
      <guid>/tags/compute/</guid>
      <description></description>
    </item>
    
    <item>
      <title>Content Delivery</title>
      <link>/tags/content-delivery/</link>
      <pubDate>Sun, 25 Mar 2018 22:36:53 +0200</pubDate>
      
      <guid>/tags/content-delivery/</guid>
      <description></description>
    </item>
    
    <item>
      <title>Contentdelivery</title>
      <link>/tags/contentdelivery/</link>
      <pubDate>Sun, 25 Mar 2018 22:36:52 +0200</pubDate>
      
      <guid>/tags/contentdelivery/</guid>
      <description></description>
    </item>
    
    <item>
      <title>Couchbase</title>
      <link>/tags/couchbase/</link>
      <pubDate>Sun, 25 Mar 2018 21:55:27 +0200</pubDate>
      
      <guid>/tags/couchbase/</guid>
      <description></description>
    </item>
    
    <item>
      <title>Crypto</title>
      <link>/tags/crypto/</link>
      <pubDate>Mon, 26 Mar 2018 22:20:50 +0200</pubDate>
      
      <guid>/tags/crypto/</guid>
      <description></description>
    </item>
    
    <item>
      <title>Databases</title>
      <link>/tags/databases/</link>
      <pubDate>Sun, 25 Mar 2018 21:55:26 +0200</pubDate>
      
      <guid>/tags/databases/</guid>
      <description></description>
    </item>
    
    <item>
      <title>Ddos</title>
      <link>/tags/ddos/</link>
      <pubDate>Sun, 25 Mar 2018 22:33:22 +0200</pubDate>
      
      <guid>/tags/ddos/</guid>
      <description></description>
    </item>
    
    <item>
      <title>Design</title>
      <link>/tags/design/</link>
      <pubDate>Mon, 26 Mar 2018 22:20:50 +0200</pubDate>
      
      <guid>/tags/design/</guid>
      <description></description>
    </item>
    
    <item>
      <title>Developer Tools</title>
      <link>/tags/developer-tools/</link>
      <pubDate>Sun, 25 Mar 2018 21:59:32 +0200</pubDate>
      
      <guid>/tags/developer-tools/</guid>
      <description></description>
    </item>
    
    <item>
      <title>Dns</title>
      <link>/tags/dns/</link>
      <pubDate>Sun, 25 Mar 2018 22:33:22 +0200</pubDate>
      
      <guid>/tags/dns/</guid>
      <description></description>
    </item>
    
    <item>
      <title>Docker</title>
      <link>/tags/docker/</link>
      <pubDate>Sun, 25 Mar 2018 22:26:22 +0200</pubDate>
      
      <guid>/tags/docker/</guid>
      <description></description>
    </item>
    
    <item>
      <title>Elasticsearch</title>
      <link>/tags/elasticsearch/</link>
      <pubDate>Sun, 25 Mar 2018 21:55:27 +0200</pubDate>
      
      <guid>/tags/elasticsearch/</guid>
      <description></description>
    </item>
    
    <item>
      <title>Etl</title>
      <link>/tags/etl/</link>
      <pubDate>Sun, 25 Mar 2018 22:56:29 +0200</pubDate>
      
      <guid>/tags/etl/</guid>
      <description></description>
    </item>
    
    <item>
      <title>Etl Opentracing</title>
      <link>/tags/etl-opentracing/</link>
      <pubDate>Sun, 25 Mar 2018 22:56:28 +0200</pubDate>
      
      <guid>/tags/etl-opentracing/</guid>
      <description></description>
    </item>
    
    <item>
      <title>Event Grid</title>
      <link>/tags/event-grid/</link>
      <pubDate>Sun, 25 Mar 2018 22:36:53 +0200</pubDate>
      
      <guid>/tags/event-grid/</guid>
      <description></description>
    </item>
    
    <item>
      <title>Firewall</title>
      <link>/tags/firewall/</link>
      <pubDate>Mon, 26 Mar 2018 22:20:51 +0200</pubDate>
      
      <guid>/tags/firewall/</guid>
      <description></description>
    </item>
    
    <item>
      <title>Git</title>
      <link>/tags/git/</link>
      <pubDate>Sun, 25 Mar 2018 21:59:33 +0200</pubDate>
      
      <guid>/tags/git/</guid>
      <description></description>
    </item>
    
    <item>
      <title>Git Ci</title>
      <link>/tags/git-ci/</link>
      <pubDate>Sun, 25 Mar 2018 22:00:16 +0200</pubDate>
      
      <guid>/tags/git-ci/</guid>
      <description></description>
    </item>
    
    <item>
      <title>Grafana</title>
      <link>/tags/grafana/</link>
      <pubDate>Fri, 23 Mar 2018 00:00:00 +0000</pubDate>
      
      <guid>/tags/grafana/</guid>
      <description></description>
    </item>
    
    <item>
      <title>Graph</title>
      <link>/tags/graph/</link>
      <pubDate>Fri, 23 Mar 2018 00:00:00 +0000</pubDate>
      
      <guid>/tags/graph/</guid>
      <description></description>
    </item>
    
    <item>
      <title>Hadoop</title>
      <link>/tags/hadoop/</link>
      <pubDate>Sun, 25 Mar 2018 22:56:29 +0200</pubDate>
      
      <guid>/tags/hadoop/</guid>
      <description></description>
    </item>
    
    <item>
      <title>Haproxy</title>
      <link>/tags/haproxy/</link>
      <pubDate>Sun, 25 Mar 2018 22:00:45 +0200</pubDate>
      
      <guid>/tags/haproxy/</guid>
      <description></description>
    </item>
    
    <item>
      <title>Hsm</title>
      <link>/tags/hsm/</link>
      <pubDate>Mon, 26 Mar 2018 22:20:50 +0200</pubDate>
      
      <guid>/tags/hsm/</guid>
      <description></description>
    </item>
    
    <item>
      <title>Hugo</title>
      <link>/tags/hugo/</link>
      <pubDate>Sun, 25 Mar 2018 22:02:47 +0200</pubDate>
      
      <guid>/tags/hugo/</guid>
      <description></description>
    </item>
    
    <item>
      <title>Implementation</title>
      <link>/tags/implementation/</link>
      <pubDate>Mon, 26 Mar 2018 22:20:51 +0200</pubDate>
      
      <guid>/tags/implementation/</guid>
      <description></description>
    </item>
    
    <item>
      <title>Iot</title>
      <link>/tags/iot/</link>
      <pubDate>Sun, 25 Mar 2018 22:40:09 +0200</pubDate>
      
      <guid>/tags/iot/</guid>
      <description></description>
    </item>
    
    <item>
      <title>Iptable</title>
      <link>/tags/iptable/</link>
      <pubDate>Mon, 26 Mar 2018 22:20:51 +0200</pubDate>
      
      <guid>/tags/iptable/</guid>
      <description></description>
    </item>
    
    <item>
      <title>Jboss</title>
      <link>/tags/jboss/</link>
      <pubDate>Sun, 25 Mar 2018 22:02:47 +0200</pubDate>
      
      <guid>/tags/jboss/</guid>
      <description></description>
    </item>
    
    <item>
      <title>Kibana</title>
      <link>/tags/kibana/</link>
      <pubDate>Sun, 25 Mar 2018 22:56:29 +0200</pubDate>
      
      <guid>/tags/kibana/</guid>
      <description></description>
    </item>
    
    <item>
      <title>Kong</title>
      <link>/tags/kong/</link>
      <pubDate>Sun, 25 Mar 2018 22:00:45 +0200</pubDate>
      
      <guid>/tags/kong/</guid>
      <description></description>
    </item>
    
    <item>
      <title>Kubernetes</title>
      <link>/tags/kubernetes/</link>
      <pubDate>Sun, 25 Mar 2018 22:26:22 +0200</pubDate>
      
      <guid>/tags/kubernetes/</guid>
      <description></description>
    </item>
    
    <item>
      <title>Lb</title>
      <link>/tags/lb/</link>
      <pubDate>Sun, 25 Mar 2018 22:33:22 +0200</pubDate>
      
      <guid>/tags/lb/</guid>
      <description></description>
    </item>
    
    <item>
      <title>Linux</title>
      <link>/tags/linux/</link>
      <pubDate>Sun, 25 Mar 2018 22:26:21 +0200</pubDate>
      
      <guid>/tags/linux/</guid>
      <description></description>
    </item>
    
    <item>
      <title>Logs</title>
      <link>/tags/logs/</link>
      <pubDate>Sun, 25 Mar 2018 21:49:55 +0200</pubDate>
      
      <guid>/tags/logs/</guid>
      <description></description>
    </item>
    
    <item>
      <title>Memcache</title>
      <link>/tags/memcache/</link>
      <pubDate>Sun, 25 Mar 2018 21:55:27 +0200</pubDate>
      
      <guid>/tags/memcache/</guid>
      <description></description>
    </item>
    
    <item>
      <title>Metrics</title>
      <link>/tags/metrics/</link>
      <pubDate>Fri, 23 Mar 2018 00:00:00 +0000</pubDate>
      
      <guid>/tags/metrics/</guid>
      <description></description>
    </item>
    
    <item>
      <title>Minio</title>
      <link>/tags/minio/</link>
      <pubDate>Sun, 25 Mar 2018 22:00:37 +0200</pubDate>
      
      <guid>/tags/minio/</guid>
      <description></description>
    </item>
    
    <item>
      <title>Mobile</title>
      <link>/tags/mobile/</link>
      <pubDate>Sun, 25 Mar 2018 22:40:15 +0200</pubDate>
      
      <guid>/tags/mobile/</guid>
      <description></description>
    </item>
    
    <item>
      <title>Monitoring</title>
      <link>/tags/monitoring/</link>
      <pubDate>Sun, 25 Mar 2018 22:56:27 +0200</pubDate>
      
      <guid>/tags/monitoring/</guid>
      <description></description>
    </item>
    
    <item>
      <title>Nats Streaming</title>
      <link>/tags/nats-streaming/</link>
      <pubDate>Sun, 25 Mar 2018 22:00:45 +0200</pubDate>
      
      <guid>/tags/nats-streaming/</guid>
      <description></description>
    </item>
    
    <item>
      <title>Network</title>
      <link>/tags/network/</link>
      <pubDate>Sun, 25 Mar 2018 22:33:22 +0200</pubDate>
      
      <guid>/tags/network/</guid>
      <description></description>
    </item>
    
    <item>
      <title>Nginx</title>
      <link>/tags/nginx/</link>
      <pubDate>Sun, 25 Mar 2018 22:36:54 +0200</pubDate>
      
      <guid>/tags/nginx/</guid>
      <description></description>
    </item>
    
    <item>
      <title>Office</title>
      <link>/tags/office/</link>
      <pubDate>Sun, 25 Mar 2018 22:21:49 +0200</pubDate>
      
      <guid>/tags/office/</guid>
      <description></description>
    </item>
    
    <item>
      <title>Prometheus</title>
      <link>/tags/prometheus/</link>
      <pubDate>Fri, 23 Mar 2018 00:00:00 +0000</pubDate>
      
      <guid>/tags/prometheus/</guid>
      <description></description>
    </item>
    
    <item>
      <title>Proxy</title>
      <link>/tags/proxy/</link>
      <pubDate>Sun, 25 Mar 2018 22:33:22 +0200</pubDate>
      
      <guid>/tags/proxy/</guid>
      <description></description>
    </item>
    
    <item>
      <title>Ra</title>
      <link>/tags/ra/</link>
      <pubDate>Mon, 26 Mar 2018 22:20:50 +0200</pubDate>
      
      <guid>/tags/ra/</guid>
      <description></description>
    </item>
    
    <item>
      <title>Redis</title>
      <link>/tags/redis/</link>
      <pubDate>Sun, 25 Mar 2018 21:55:27 +0200</pubDate>
      
      <guid>/tags/redis/</guid>
      <description></description>
    </item>
    
    <item>
      <title>Registry</title>
      <link>/tags/registry/</link>
      <pubDate>Sun, 25 Mar 2018 21:59:33 +0200</pubDate>
      
      <guid>/tags/registry/</guid>
      <description></description>
    </item>
    
    <item>
      <title>Route 53</title>
      <link>/tags/route-53/</link>
      <pubDate>Sun, 25 Mar 2018 22:33:22 +0200</pubDate>
      
      <guid>/tags/route-53/</guid>
      <description></description>
    </item>
    
    <item>
      <title>Route53</title>
      <link>/tags/route53/</link>
      <pubDate>Sun, 25 Mar 2018 22:33:21 +0200</pubDate>
      
      <guid>/tags/route53/</guid>
      <description></description>
    </item>
    
    <item>
      <title>Rp</title>
      <link>/tags/rp/</link>
      <pubDate>Sun, 25 Mar 2018 22:36:53 +0200</pubDate>
      
      <guid>/tags/rp/</guid>
      <description></description>
    </item>
    
    <item>
      <title>S3</title>
      <link>/tags/s3/</link>
      <pubDate>Sun, 25 Mar 2018 22:00:36 +0200</pubDate>
      
      <guid>/tags/s3/</guid>
      <description></description>
    </item>
    
    <item>
      <title>San</title>
      <link>/tags/san/</link>
      <pubDate>Sun, 25 Mar 2018 22:00:36 +0200</pubDate>
      
      <guid>/tags/san/</guid>
      <description></description>
    </item>
    
    <item>
      <title>Security</title>
      <link>/tags/security/</link>
      <pubDate>Mon, 26 Mar 2018 22:20:49 +0200</pubDate>
      
      <guid>/tags/security/</guid>
      <description></description>
    </item>
    
    <item>
      <title>Serverless</title>
      <link>/tags/serverless/</link>
      <pubDate>Sun, 25 Mar 2018 22:26:21 +0200</pubDate>
      
      <guid>/tags/serverless/</guid>
      <description></description>
    </item>
    
    <item>
      <title>Sftp</title>
      <link>/tags/sftp/</link>
      <pubDate>Sun, 25 Mar 2018 22:00:35 +0200</pubDate>
      
      <guid>/tags/sftp/</guid>
      <description></description>
    </item>
    
    <item>
      <title>Software</title>
      <link>/tags/software/</link>
      <pubDate>Sun, 25 Mar 2018 22:02:46 +0200</pubDate>
      
      <guid>/tags/software/</guid>
      <description></description>
    </item>
    
    <item>
      <title>Softwarefactory</title>
      <link>/tags/softwarefactory/</link>
      <pubDate>Sun, 25 Mar 2018 21:59:32 +0200</pubDate>
      
      <guid>/tags/softwarefactory/</guid>
      <description></description>
    </item>
    
    <item>
      <title>Squid</title>
      <link>/tags/squid/</link>
      <pubDate>Sun, 25 Mar 2018 22:33:22 +0200</pubDate>
      
      <guid>/tags/squid/</guid>
      <description></description>
    </item>
    
    <item>
      <title>Static Web Generator</title>
      <link>/tags/static-web-generator/</link>
      <pubDate>Sun, 25 Mar 2018 22:02:47 +0200</pubDate>
      
      <guid>/tags/static-web-generator/</guid>
      <description></description>
    </item>
    
    <item>
      <title>Stockage</title>
      <link>/tags/stockage/</link>
      <pubDate>Sun, 25 Mar 2018 22:00:35 +0200</pubDate>
      
      <guid>/tags/stockage/</guid>
      <description></description>
    </item>
    
    <item>
      <title>Storage</title>
      <link>/tags/storage/</link>
      <pubDate>Sun, 25 Mar 2018 22:00:36 +0200</pubDate>
      
      <guid>/tags/storage/</guid>
      <description></description>
    </item>
    
    <item>
      <title>Traefik</title>
      <link>/tags/traefik/</link>
      <pubDate>Sun, 25 Mar 2018 22:36:54 +0200</pubDate>
      
      <guid>/tags/traefik/</guid>
      <description></description>
    </item>
    
    <item>
      <title>Vault</title>
      <link>/tags/vault/</link>
      <pubDate>Mon, 26 Mar 2018 22:20:50 +0200</pubDate>
      
      <guid>/tags/vault/</guid>
      <description></description>
    </item>
    
    <item>
      <title>Vaultdb</title>
      <link>/tags/vaultdb/</link>
      <pubDate>Mon, 26 Mar 2018 22:20:50 +0200</pubDate>
      
      <guid>/tags/vaultdb/</guid>
      <description></description>
    </item>
    
    <item>
      <title>Veam</title>
      <link>/tags/veam/</link>
      <pubDate>Sun, 25 Mar 2018 22:00:37 +0200</pubDate>
      
      <guid>/tags/veam/</guid>
      <description></description>
    </item>
    
    <item>
      <title>Vm</title>
      <link>/tags/vm/</link>
      <pubDate>Sun, 25 Mar 2018 22:26:21 +0200</pubDate>
      
      <guid>/tags/vm/</guid>
      <description></description>
    </item>
    
    <item>
      <title>Vmware</title>
      <link>/tags/vmware/</link>
      <pubDate>Sun, 25 Mar 2018 22:26:22 +0200</pubDate>
      
      <guid>/tags/vmware/</guid>
      <description></description>
    </item>
    
    <item>
      <title>Vpn</title>
      <link>/tags/vpn/</link>
      <pubDate>Sun, 25 Mar 2018 22:33:22 +0200</pubDate>
      
      <guid>/tags/vpn/</guid>
      <description></description>
    </item>
    
    <item>
      <title>Web</title>
      <link>/tags/web/</link>
      <pubDate>Sun, 25 Mar 2018 22:02:46 +0200</pubDate>
      
      <guid>/tags/web/</guid>
      <description></description>
    </item>
    
  </channel>
</rss>