<?xml version="1.0" encoding="utf-8" standalone="yes" ?>
<rss version="2.0" xmlns:atom="http://www.w3.org/2005/Atom">
  <channel>
    <title>Databases on Patrick Alin Site</title>
    <link>/tags/databases/</link>
    <description>Recent content in Databases on Patrick Alin Site</description>
    <generator>Hugo -- gohugo.io</generator>
    <language>en-us</language>
    <lastBuildDate>Sun, 25 Mar 2018 21:55:26 +0200</lastBuildDate>
    
	<atom:link href="/tags/databases/index.xml" rel="self" type="application/rss+xml" />
    
    
    <item>
      <title>1-RA : databases</title>
      <link>/databases/1-architecture/</link>
      <pubDate>Sun, 25 Mar 2018 21:55:26 +0200</pubDate>
      
      <guid>/databases/1-architecture/</guid>
      <description>  RA : ... Reference Architecture : NoSQL, Cache
  RA : database Reference Architecture : cache
  RA : database Reference Architecture : cache
  </description>
    </item>
    
    <item>
      <title>Databases</title>
      <link>/databases/</link>
      <pubDate>Sun, 25 Mar 2018 21:55:26 +0200</pubDate>
      
      <guid>/databases/</guid>
      <description>  1-RA : databases Reference Architecture : databases
  2-Design : ... Design : ...
  3-Implementation : ... Implementation : ...
  </description>
    </item>
    
  </channel>
</rss>