<?xml version="1.0" encoding="utf-8" standalone="yes" ?>
<rss version="2.0" xmlns:atom="http://www.w3.org/2005/Atom">
  <channel>
    <title>Bigdata on Patrick Alin Site</title>
    <link>/tags/bigdata/</link>
    <description>Recent content in Bigdata on Patrick Alin Site</description>
    <generator>Hugo -- gohugo.io</generator>
    <language>en-us</language>
    <lastBuildDate>Sun, 25 Mar 2018 22:56:29 +0200</lastBuildDate>
    
	<atom:link href="/tags/bigdata/index.xml" rel="self" type="application/rss+xml" />
    
    
    <item>
      <title>Design : Bigdata</title>
      <link>/analytics/2-design/designbigdata/</link>
      <pubDate>Sun, 25 Mar 2018 22:56:29 +0200</pubDate>
      
      <guid>/analytics/2-design/designbigdata/</guid>
      <description>Lifecycle &amp;hellip;
Continuity of operations &amp;hellip;.
Data exchange &amp;hellip;
Roles &amp;hellip;
Constraints &amp;hellip;
Sizing &amp;hellip;</description>
    </item>
    
    <item>
      <title>RA : BigData</title>
      <link>/analytics/1-architecture/arbigdata/</link>
      <pubDate>Sun, 25 Mar 2018 22:56:29 +0200</pubDate>
      
      <guid>/analytics/1-architecture/arbigdata/</guid>
      <description>Use cases &amp;hellip;
Requirements &amp;hellip;
Interfaces/ interconnections &amp;hellip;
Data &amp;hellip;
Security &amp;hellip;
DRP &amp;hellip;
Link to others RA &amp;hellip;</description>
    </item>
    
  </channel>
</rss>