<?xml version="1.0" encoding="utf-8" standalone="yes" ?>
<rss version="2.0" xmlns:atom="http://www.w3.org/2005/Atom">
  <channel>
    <title>Caas on Patrick Alin Site</title>
    <link>/tags/caas/</link>
    <description>Recent content in Caas on Patrick Alin Site</description>
    <generator>Hugo -- gohugo.io</generator>
    <language>en-us</language>
    <lastBuildDate>Sun, 25 Mar 2018 22:26:21 +0200</lastBuildDate>
    
	<atom:link href="/tags/caas/index.xml" rel="self" type="application/rss+xml" />
    
    
    <item>
      <title>2-Design : compute</title>
      <link>/compute/2-design/</link>
      <pubDate>Sun, 25 Mar 2018 22:26:21 +0200</pubDate>
      
      <guid>/compute/2-design/</guid>
      <description>  Design : ... Design : container
  Design : ... Design : serverless
  Design : ... Design : vm
  Design : Linux Design : Linux
  </description>
    </item>
    
    <item>
      <title>RA : CAAS</title>
      <link>/compute/1-architecture/arcaas/</link>
      <pubDate>Sun, 25 Mar 2018 22:26:21 +0200</pubDate>
      
      <guid>/compute/1-architecture/arcaas/</guid>
      <description>Use cases &amp;hellip;
Requirements &amp;hellip;
Interfaces/ interconnections &amp;hellip;
Data &amp;hellip;
Security &amp;hellip;
DRP &amp;hellip;
Link to others RA &amp;hellip;</description>
    </item>
    
  </channel>
</rss>