<?xml version="1.0" encoding="utf-8" standalone="yes" ?>
<rss version="2.0" xmlns:atom="http://www.w3.org/2005/Atom">
  <channel>
    <title>3-Implementation : content delivery on Patrick Alin Site</title>
    <link>/contentdelivery/3-implementation/</link>
    <description>Recent content in 3-Implementation : content delivery on Patrick Alin Site</description>
    <generator>Hugo -- gohugo.io</generator>
    <language>en-us</language>
    <lastBuildDate>Sun, 25 Mar 2018 22:36:53 +0200</lastBuildDate>
    
	<atom:link href="/contentdelivery/3-implementation/index.xml" rel="self" type="application/rss+xml" />
    
    
    <item>
      <title>Implementation : nginx</title>
      <link>/contentdelivery/3-implementation/implementationnginx/</link>
      <pubDate>Sun, 25 Mar 2018 22:36:54 +0200</pubDate>
      
      <guid>/contentdelivery/3-implementation/implementationnginx/</guid>
      <description>Installation &amp;hellip;
Configuration Run &amp;hellip;
Links &amp;hellip;</description>
    </item>
    
    <item>
      <title>Implementation : traefik</title>
      <link>/contentdelivery/3-implementation/implementationtraefik/</link>
      <pubDate>Sun, 25 Mar 2018 22:36:54 +0200</pubDate>
      
      <guid>/contentdelivery/3-implementation/implementationtraefik/</guid>
      <description>Installation &amp;hellip;
Configuration Run &amp;hellip;
Links &amp;hellip;</description>
    </item>
    
    <item>
      <title>Implementation : HAProxy</title>
      <link>/contentdelivery/3-implementation/implementationhaproxy/</link>
      <pubDate>Sun, 25 Mar 2018 22:00:45 +0200</pubDate>
      
      <guid>/contentdelivery/3-implementation/implementationhaproxy/</guid>
      <description>Installation &amp;hellip;
Configuration Run &amp;hellip;
Links &amp;hellip;</description>
    </item>
    
    <item>
      <title>Implementation : Nats Streaming</title>
      <link>/contentdelivery/3-implementation/implementationnatsstreaming/</link>
      <pubDate>Sun, 25 Mar 2018 22:00:45 +0200</pubDate>
      
      <guid>/contentdelivery/3-implementation/implementationnatsstreaming/</guid>
      <description>Installation &amp;hellip;
Configuration Run &amp;hellip;
Links &amp;hellip;</description>
    </item>
    
    <item>
      <title>Implementation : kong</title>
      <link>/contentdelivery/3-implementation/implementationkong/</link>
      <pubDate>Sun, 25 Mar 2018 22:00:45 +0200</pubDate>
      
      <guid>/contentdelivery/3-implementation/implementationkong/</guid>
      <description>Installation &amp;hellip;
Configuration Run &amp;hellip;
Links &amp;hellip;</description>
    </item>
    
  </channel>
</rss>