<?xml version="1.0" encoding="utf-8" standalone="yes" ?>
<rss version="2.0" xmlns:atom="http://www.w3.org/2005/Atom">
  <channel>
    <title>Firewall on Patrick Alin Site</title>
    <link>/tags/firewall/</link>
    <description>Recent content in Firewall on Patrick Alin Site</description>
    <generator>Hugo -- gohugo.io</generator>
    <language>en-us</language>
    <lastBuildDate>Mon, 26 Mar 2018 22:20:51 +0200</lastBuildDate>
    
	<atom:link href="/tags/firewall/index.xml" rel="self" type="application/rss+xml" />
    
    
    <item>
      <title>Implementation : iptable</title>
      <link>/security/3-implementation/implementationfirewall/</link>
      <pubDate>Mon, 26 Mar 2018 22:20:51 +0200</pubDate>
      
      <guid>/security/3-implementation/implementationfirewall/</guid>
      <description>Installation &amp;hellip;
Configuration Run &amp;hellip;
Links &amp;hellip;</description>
    </item>
    
    <item>
      <title>RA : firewall</title>
      <link>/security/1-architecture/arfirewall/</link>
      <pubDate>Mon, 26 Mar 2018 22:20:50 +0200</pubDate>
      
      <guid>/security/1-architecture/arfirewall/</guid>
      <description>Use cases &amp;hellip;
Requirements &amp;hellip;
Interfaces/ interconnections &amp;hellip;
Data &amp;hellip;
Security &amp;hellip;
DRP &amp;hellip;
Link to others RA &amp;hellip;</description>
    </item>
    
  </channel>
</rss>