<?xml version="1.0" encoding="utf-8" standalone="yes" ?>
<rss version="2.0" xmlns:atom="http://www.w3.org/2005/Atom">
  <channel>
    <title>Security on Patrick Alin Site</title>
    <link>/security/</link>
    <description>Recent content in Security on Patrick Alin Site</description>
    <generator>Hugo -- gohugo.io</generator>
    <language>en-us</language>
    <lastBuildDate>Mon, 26 Mar 2018 22:20:49 +0200</lastBuildDate>
    
	<atom:link href="/security/index.xml" rel="self" type="application/rss+xml" />
    
    
  </channel>
</rss>