<?xml version="1.0" encoding="utf-8" standalone="yes" ?>
<rss version="2.0" xmlns:atom="http://www.w3.org/2005/Atom">
  <channel>
    <title>Big Data on Patrick Alin Site</title>
    <link>/tags/big-data/</link>
    <description>Recent content in Big Data on Patrick Alin Site</description>
    <generator>Hugo -- gohugo.io</generator>
    <language>en-us</language>
    <lastBuildDate>Sun, 25 Mar 2018 22:56:27 +0200</lastBuildDate>
    
	<atom:link href="/tags/big-data/index.xml" rel="self" type="application/rss+xml" />
    
    
    <item>
      <title>1-Ref Arch : Analytics</title>
      <link>/analytics/1-architecture/</link>
      <pubDate>Sun, 25 Mar 2018 22:56:27 +0200</pubDate>
      
      <guid>/analytics/1-architecture/</guid>
      <description>  RA : AI Reference Architecture : AI
  RA : Analytics Reference Architecture : Analytics
  RA : BAM Reference Architecture : business application monitoring
  RA : BigData Reference Architecture : BigData
  </description>
    </item>
    
    <item>
      <title>1-Ref Arch : Analytics</title>
      <link>/analytics/1-architecture/</link>
      <pubDate>Sun, 25 Mar 2018 22:56:27 +0200</pubDate>
      
      <guid>/analytics/1-architecture/</guid>
      <description>  RA : AI Reference Architecture : AI
  RA : Analytics Reference Architecture : Analytics
  RA : BAM Reference Architecture : business application monitoring
  RA : BigData Reference Architecture : BigData
  </description>
    </item>
    
  </channel>
</rss>