<?xml version="1.0" encoding="utf-8" standalone="yes" ?>
<rss version="2.0" xmlns:atom="http://www.w3.org/2005/Atom">
  <channel>
    <title>Iot on Patrick Alin Site</title>
    <link>/tags/iot/</link>
    <description>Recent content in Iot on Patrick Alin Site</description>
    <generator>Hugo -- gohugo.io</generator>
    <language>en-us</language>
    <lastBuildDate>Sun, 25 Mar 2018 22:40:09 +0200</lastBuildDate>
    
	<atom:link href="/tags/iot/index.xml" rel="self" type="application/rss+xml" />
    
    
    <item>
      <title>IOT</title>
      <link>/iot/</link>
      <pubDate>Sun, 25 Mar 2018 22:40:09 +0200</pubDate>
      
      <guid>/iot/</guid>
      <description>  1-RA : IOT. Reference Architecture : IOT
  2-Design : IOT Design : IOT
  3-Implementation : IOT Implementation : IOT
  </description>
    </item>
    
    <item>
      <title>1-RA : IOT.</title>
      <link>/iot/1-architecture/</link>
      <pubDate>Sun, 25 Mar 2018 22:33:21 +0200</pubDate>
      
      <guid>/iot/1-architecture/</guid>
      <description>  </description>
    </item>
    
    <item>
      <title>2-Design : IOT</title>
      <link>/iot/2-design/</link>
      <pubDate>Sun, 25 Mar 2018 22:33:21 +0200</pubDate>
      
      <guid>/iot/2-design/</guid>
      <description>  </description>
    </item>
    
    <item>
      <title>3-Implementation : IOT</title>
      <link>/iot/3-implementation/</link>
      <pubDate>Sun, 25 Mar 2018 22:33:21 +0200</pubDate>
      
      <guid>/iot/3-implementation/</guid>
      <description>  </description>
    </item>
    
  </channel>
</rss>