<?xml version="1.0" encoding="utf-8" standalone="yes" ?>
<rss version="2.0" xmlns:atom="http://www.w3.org/2005/Atom">
  <channel>
    <title>1-Ref Arch : Analytics on Patrick Alin Site</title>
    <link>/analytics/1-architecture/</link>
    <description>Recent content in 1-Ref Arch : Analytics on Patrick Alin Site</description>
    <generator>Hugo -- gohugo.io</generator>
    <language>en-us</language>
    <lastBuildDate>Sun, 25 Mar 2018 22:56:27 +0200</lastBuildDate>
    
	<atom:link href="/analytics/1-architecture/index.xml" rel="self" type="application/rss+xml" />
    
    
    <item>
      <title>RA : AI</title>
      <link>/analytics/1-architecture/arai/</link>
      <pubDate>Sun, 25 Mar 2018 22:56:29 +0200</pubDate>
      
      <guid>/analytics/1-architecture/arai/</guid>
      <description>Use cases &amp;hellip;
Requirements &amp;hellip;
Interfaces/ interconnections &amp;hellip;
Data &amp;hellip;
Security &amp;hellip;
DRP &amp;hellip;
Link to others RA &amp;hellip;</description>
    </item>
    
    <item>
      <title>RA : Analytics</title>
      <link>/analytics/1-architecture/aranalytics/</link>
      <pubDate>Sun, 25 Mar 2018 22:56:29 +0200</pubDate>
      
      <guid>/analytics/1-architecture/aranalytics/</guid>
      <description>Use cases &amp;hellip;
Requirements &amp;hellip;
Interfaces/ interconnections &amp;hellip;
Data &amp;hellip;
Security &amp;hellip;
DRP &amp;hellip;
Link to others RA &amp;hellip;</description>
    </item>
    
    <item>
      <title>RA : BAM</title>
      <link>/analytics/1-architecture/arbusinessapplicationmonitoring/</link>
      <pubDate>Sun, 25 Mar 2018 22:56:29 +0200</pubDate>
      
      <guid>/analytics/1-architecture/arbusinessapplicationmonitoring/</guid>
      <description>Use cases &amp;hellip;
Requirements &amp;hellip;
Interfaces/ interconnections &amp;hellip;
Data &amp;hellip;
Security &amp;hellip;
DRP &amp;hellip;
Link to others RA &amp;hellip;</description>
    </item>
    
    <item>
      <title>RA : BigData</title>
      <link>/analytics/1-architecture/arbigdata/</link>
      <pubDate>Sun, 25 Mar 2018 22:56:29 +0200</pubDate>
      
      <guid>/analytics/1-architecture/arbigdata/</guid>
      <description>Use cases &amp;hellip;
Requirements &amp;hellip;
Interfaces/ interconnections &amp;hellip;
Data &amp;hellip;
Security &amp;hellip;
DRP &amp;hellip;
Link to others RA &amp;hellip;</description>
    </item>
    
  </channel>
</rss>