<?xml version="1.0" encoding="utf-8" standalone="yes" ?>
<rss version="2.0" xmlns:atom="http://www.w3.org/2005/Atom">
  <channel>
    <title>1-RA : Application server on Patrick Alin Site</title>
    <link>/software/1-architecture/</link>
    <description>Recent content in 1-RA : Application server on Patrick Alin Site</description>
    <generator>Hugo -- gohugo.io</generator>
    <language>en-us</language>
    <lastBuildDate>Sun, 25 Mar 2018 22:02:45 +0200</lastBuildDate>
    
	<atom:link href="/software/1-architecture/index.xml" rel="self" type="application/rss+xml" />
    
    
    <item>
      <title>RA : batch</title>
      <link>/software/1-architecture/arapplicationbatch/</link>
      <pubDate>Sun, 25 Mar 2018 22:02:46 +0200</pubDate>
      
      <guid>/software/1-architecture/arapplicationbatch/</guid>
      <description>Use cases &amp;hellip;
Requirements &amp;hellip;
Interfaces/ interconnections &amp;hellip;
Data &amp;hellip;
Security &amp;hellip;
DRP &amp;hellip;
Link to others RA &amp;hellip;</description>
    </item>
    
    <item>
      <title>RA : microservice</title>
      <link>/software/1-architecture/arapplicationmicroservice/</link>
      <pubDate>Sun, 25 Mar 2018 22:02:46 +0200</pubDate>
      
      <guid>/software/1-architecture/arapplicationmicroservice/</guid>
      <description>Use cases &amp;hellip;
Requirements &amp;hellip;
Interfaces/ interconnections &amp;hellip;
Data &amp;hellip;
Security &amp;hellip;
DRP &amp;hellip;
Link to others RA &amp;hellip;</description>
    </item>
    
    <item>
      <title>RA : portal</title>
      <link>/software/1-architecture/arapplicationportal/</link>
      <pubDate>Sun, 25 Mar 2018 22:02:46 +0200</pubDate>
      
      <guid>/software/1-architecture/arapplicationportal/</guid>
      <description>Use cases &amp;hellip;
Requirements &amp;hellip;
Interfaces/ interconnections &amp;hellip;
Data &amp;hellip;
Security &amp;hellip;
DRP &amp;hellip;
Link to others RA &amp;hellip;</description>
    </item>
    
    <item>
      <title>RA : webserver</title>
      <link>/software/1-architecture/arapplicationwebservice/</link>
      <pubDate>Sun, 25 Mar 2018 22:02:46 +0200</pubDate>
      
      <guid>/software/1-architecture/arapplicationwebservice/</guid>
      <description>Use cases &amp;hellip;
Requirements &amp;hellip;
Interfaces/ interconnections &amp;hellip;
Data &amp;hellip;
Security &amp;hellip;
DRP &amp;hellip;
Link to others RA &amp;hellip;</description>
    </item>
    
  </channel>
</rss>