<?xml version="1.0" encoding="utf-8" standalone="yes" ?>
<rss version="2.0" xmlns:atom="http://www.w3.org/2005/Atom">
  <channel>
    <title>Alertmanager on Patrick Alin Site</title>
    <link>/tags/alertmanager/</link>
    <description>Recent content in Alertmanager on Patrick Alin Site</description>
    <generator>Hugo -- gohugo.io</generator>
    <language>en-us</language>
    <lastBuildDate>Fri, 23 Mar 2018 00:00:00 +0000</lastBuildDate>
    
	<atom:link href="/tags/alertmanager/index.xml" rel="self" type="application/rss+xml" />
    
    
    <item>
      <title>Implementation Alert</title>
      <link>/managementtools/3-implementation/alert/</link>
      <pubDate>Fri, 23 Mar 2018 00:00:00 +0000</pubDate>
      
      <guid>/managementtools/3-implementation/alert/</guid>
      <description> Alertmanager / blackbox  Alerting  Lien alertmanager Alertmanager 
Lien blackbox Blackbox 
Run cd /opt/docker-prometheus/menu.sh  build deploy  </description>
    </item>
    
  </channel>
</rss>