<?xml version="1.0" encoding="utf-8" standalone="yes" ?>
<rss version="2.0" xmlns:atom="http://www.w3.org/2005/Atom">
  <channel>
    <title>Bam on Patrick Alin Site</title>
    <link>/tags/bam/</link>
    <description>Recent content in Bam on Patrick Alin Site</description>
    <generator>Hugo -- gohugo.io</generator>
    <language>en-us</language>
    <lastBuildDate>Sun, 25 Mar 2018 22:56:29 +0200</lastBuildDate>
    
	<atom:link href="/tags/bam/index.xml" rel="self" type="application/rss+xml" />
    
    
    <item>
      <title>Design : OpenTracing</title>
      <link>/analytics/2-design/designopentracing/</link>
      <pubDate>Sun, 25 Mar 2018 22:56:29 +0200</pubDate>
      
      <guid>/analytics/2-design/designopentracing/</guid>
      <description>Lifecycle &amp;hellip;
Continuity of operations &amp;hellip;.
Data exchange &amp;hellip;
Roles &amp;hellip;
Constraints &amp;hellip;
Sizing &amp;hellip;</description>
    </item>
    
    <item>
      <title>RA : BAM</title>
      <link>/analytics/1-architecture/arbusinessapplicationmonitoring/</link>
      <pubDate>Sun, 25 Mar 2018 22:56:29 +0200</pubDate>
      
      <guid>/analytics/1-architecture/arbusinessapplicationmonitoring/</guid>
      <description>Use cases &amp;hellip;
Requirements &amp;hellip;
Interfaces/ interconnections &amp;hellip;
Data &amp;hellip;
Security &amp;hellip;
DRP &amp;hellip;
Link to others RA &amp;hellip;</description>
    </item>
    
    <item>
      <title>1-Ref Arch : Analytics</title>
      <link>/analytics/1-architecture/</link>
      <pubDate>Sun, 25 Mar 2018 22:56:27 +0200</pubDate>
      
      <guid>/analytics/1-architecture/</guid>
      <description>  RA : AI Reference Architecture : AI
  RA : Analytics Reference Architecture : Analytics
  RA : BAM Reference Architecture : business application monitoring
  RA : BigData Reference Architecture : BigData
  </description>
    </item>
    
  </channel>
</rss>