<?xml version="1.0" encoding="utf-8" standalone="yes" ?>
<rss version="2.0" xmlns:atom="http://www.w3.org/2005/Atom">
  <channel>
    <title>Compute on Patrick Alin Site</title>
    <link>/compute/</link>
    <description>Recent content in Compute on Patrick Alin Site</description>
    <generator>Hugo -- gohugo.io</generator>
    <language>en-us</language>
    <lastBuildDate>Sun, 25 Mar 2018 22:26:20 +0200</lastBuildDate>
    
	<atom:link href="/compute/index.xml" rel="self" type="application/rss+xml" />
    
    
  </channel>
</rss>