<?xml version="1.0" encoding="utf-8" standalone="yes" ?>
<rss version="2.0" xmlns:atom="http://www.w3.org/2005/Atom">
  <channel>
    <title>Categories on Patrick Alin Site</title>
    <link>/categories/</link>
    <description>Recent content in Categories on Patrick Alin Site</description>
    <generator>Hugo -- gohugo.io</generator>
    <language>en-us</language>
    <lastBuildDate>Fri, 23 Mar 2018 00:00:00 +0000</lastBuildDate>
    
	<atom:link href="/categories/index.xml" rel="self" type="application/rss+xml" />
    
    
    <item>
      <title>Alert</title>
      <link>/categories/alert/</link>
      <pubDate>Fri, 23 Mar 2018 00:00:00 +0000</pubDate>
      
      <guid>/categories/alert/</guid>
      <description></description>
    </item>
    
    <item>
      <title>Architecture</title>
      <link>/categories/architecture/</link>
      <pubDate>Fri, 23 Mar 2018 00:00:00 +0000</pubDate>
      
      <guid>/categories/architecture/</guid>
      <description></description>
    </item>
    
    <item>
      <title>Design</title>
      <link>/categories/design/</link>
      <pubDate>Fri, 23 Mar 2018 00:00:00 +0000</pubDate>
      
      <guid>/categories/design/</guid>
      <description></description>
    </item>
    
  </channel>
</rss>