<?xml version="1.0" encoding="utf-8" standalone="yes" ?>
<rss version="2.0" xmlns:atom="http://www.w3.org/2005/Atom">
  <channel>
    <title>3-Implementation : Developer tools on Patrick Alin Site</title>
    <link>/developertools/3-implementation/</link>
    <description>Recent content in 3-Implementation : Developer tools on Patrick Alin Site</description>
    <generator>Hugo -- gohugo.io</generator>
    <language>en-us</language>
    <lastBuildDate>Sun, 25 Mar 2018 21:59:33 +0200</lastBuildDate>
    
	<atom:link href="/developertools/3-implementation/index.xml" rel="self" type="application/rss+xml" />
    
    
    <item>
      <title>Implementation : GIT-CI</title>
      <link>/developertools/3-implementation/implementationgitci/</link>
      <pubDate>Sun, 25 Mar 2018 22:00:16 +0200</pubDate>
      
      <guid>/developertools/3-implementation/implementationgitci/</guid>
      <description>Installation &amp;hellip;
Configuration Run &amp;hellip;
Links &amp;hellip;</description>
    </item>
    
    <item>
      <title>Implementation : ...</title>
      <link>/developertools/3-implementation/implementationjira/</link>
      <pubDate>Sun, 25 Mar 2018 21:59:33 +0200</pubDate>
      
      <guid>/developertools/3-implementation/implementationjira/</guid>
      <description>Installation &amp;hellip;
Configuration Run &amp;hellip;
Links &amp;hellip;</description>
    </item>
    
    <item>
      <title></title>
      <link>/developertools/3-implementation/implementationgit/</link>
      <pubDate>Mon, 01 Jan 0001 00:00:00 +0000</pubDate>
      
      <guid>/developertools/3-implementation/implementationgit/</guid>
      <description>title: &amp;ldquo;Implementation : GIT&amp;rdquo; description: &amp;ldquo;Implementation : GIT&amp;rdquo; tags: [ &amp;ldquo;Implementation&amp;rdquo;, &amp;ldquo;GIT&amp;rdquo; ] date: 2018-03-25T22:00:16+02:00
weight: 1 Installation &amp;hellip;
Configuration git rm &amp;ndash;cached config.yaml
Run &amp;hellip;
Links &amp;hellip;</description>
    </item>
    
  </channel>
</rss>