<?xml version="1.0" encoding="utf-8" standalone="yes" ?>
<rss version="2.0" xmlns:atom="http://www.w3.org/2005/Atom">
  <channel>
    <title>Grafana on Patrick Alin Site</title>
    <link>/tags/grafana/</link>
    <description>Recent content in Grafana on Patrick Alin Site</description>
    <generator>Hugo -- gohugo.io</generator>
    <language>en-us</language>
    <lastBuildDate>Fri, 23 Mar 2018 00:00:00 +0000</lastBuildDate>
    
	<atom:link href="/tags/grafana/index.xml" rel="self" type="application/rss+xml" />
    
    
    <item>
      <title>Implementation Grafana</title>
      <link>/managementtools/3-implementation/grafana/</link>
      <pubDate>Fri, 23 Mar 2018 00:00:00 +0000</pubDate>
      
      <guid>/managementtools/3-implementation/grafana/</guid>
      <description>Lien grafana Grafana 
Grafana : Visualisation TSDB count(rate(container_last_seen{name=~&amp;#34;.</description>
    </item>
    
  </channel>
</rss>