<?xml version="1.0" encoding="utf-8" standalone="yes" ?>
<rss version="2.0" xmlns:atom="http://www.w3.org/2005/Atom">
  <channel>
    <title>Compute on Patrick Alin Site</title>
    <link>/tags/compute/</link>
    <description>Recent content in Compute on Patrick Alin Site</description>
    <generator>Hugo -- gohugo.io</generator>
    <language>en-us</language>
    <lastBuildDate>Sun, 25 Mar 2018 22:26:20 +0200</lastBuildDate>
    
	<atom:link href="/tags/compute/index.xml" rel="self" type="application/rss+xml" />
    
    
    <item>
      <title>1-RA : compute</title>
      <link>/compute/1-architecture/</link>
      <pubDate>Sun, 25 Mar 2018 22:26:20 +0200</pubDate>
      
      <guid>/compute/1-architecture/</guid>
      <description>  RA : CAAS Reference Architecture : Container As A Service
  RA : Compute Reference Architecture : compute
  RA : Serverless Reference Architecture : serveless
  RA : VM Reference Architecture : virtual machine
  </description>
    </item>
    
    <item>
      <title>Compute</title>
      <link>/compute/</link>
      <pubDate>Sun, 25 Mar 2018 22:26:20 +0200</pubDate>
      
      <guid>/compute/</guid>
      <description>  1-RA : compute Reference Architecture : compute
  2-Design : compute Design : container, serverless, vm
  3-Implementation : compute Implementation : centos, docker, kubernetes, vmware
  </description>
    </item>
    
  </channel>
</rss>