<?xml version="1.0" encoding="utf-8" standalone="yes" ?>
<rss version="2.0" xmlns:atom="http://www.w3.org/2005/Atom">
  <channel>
    <title>3-Implementation : office on Patrick Alin Site</title>
    <link>/office/3-implementation/</link>
    <description>Recent content in 3-Implementation : office on Patrick Alin Site</description>
    <generator>Hugo -- gohugo.io</generator>
    <language>en-us</language>
    <lastBuildDate>Sun, 25 Mar 2018 22:21:50 +0200</lastBuildDate>
    
	<atom:link href="/office/3-implementation/index.xml" rel="self" type="application/rss+xml" />
    
    
    <item>
      <title>Implementation : ...</title>
      <link>/office/3-implementation/implementationad/</link>
      <pubDate>Sun, 25 Mar 2018 22:21:50 +0200</pubDate>
      
      <guid>/office/3-implementation/implementationad/</guid>
      <description>Installation &amp;hellip;
Configuration Run &amp;hellip;
Links &amp;hellip;</description>
    </item>
    
  </channel>
</rss>