<?xml version="1.0" encoding="utf-8" standalone="yes" ?>
<rss version="2.0" xmlns:atom="http://www.w3.org/2005/Atom">
  <channel>
    <title>Developer Tools on Patrick Alin Site</title>
    <link>/tags/developer-tools/</link>
    <description>Recent content in Developer Tools on Patrick Alin Site</description>
    <generator>Hugo -- gohugo.io</generator>
    <language>en-us</language>
    <lastBuildDate>Sun, 25 Mar 2018 21:59:32 +0200</lastBuildDate>
    
	<atom:link href="/tags/developer-tools/index.xml" rel="self" type="application/rss+xml" />
    
    
    <item>
      <title>1-RA : developer tools</title>
      <link>/developertools/1-architecture/</link>
      <pubDate>Sun, 25 Mar 2018 21:59:32 +0200</pubDate>
      
      <guid>/developertools/1-architecture/</guid>
      <description>  RA : ... Reference Architecture : ...
  </description>
    </item>
    
  </channel>
</rss>