<?xml version="1.0" encoding="utf-8" standalone="yes" ?>
<rss version="2.0" xmlns:atom="http://www.w3.org/2005/Atom">
  <channel>
    <title>Certificats on Patrick Alin Site</title>
    <link>/tags/certificats/</link>
    <description>Recent content in Certificats on Patrick Alin Site</description>
    <generator>Hugo -- gohugo.io</generator>
    <language>en-us</language>
    <lastBuildDate>Mon, 26 Mar 2018 22:20:50 +0200</lastBuildDate>
    
	<atom:link href="/tags/certificats/index.xml" rel="self" type="application/rss+xml" />
    
    
    <item>
      <title>RA : Certificats</title>
      <link>/security/1-architecture/arcertificats/</link>
      <pubDate>Mon, 26 Mar 2018 22:20:50 +0200</pubDate>
      
      <guid>/security/1-architecture/arcertificats/</guid>
      <description>Use cases &amp;hellip;
Requirements &amp;hellip;
Interfaces/ interconnections &amp;hellip;
Data &amp;hellip;
Security &amp;hellip;
DRP &amp;hellip;
Link to others RA &amp;hellip;</description>
    </item>
    
  </channel>
</rss>