<?xml version="1.0" encoding="utf-8" standalone="yes" ?>
<rss version="2.0" xmlns:atom="http://www.w3.org/2005/Atom">
  <channel>
    <title>Cadvisor on Patrick Alin Site</title>
    <link>/tags/cadvisor/</link>
    <description>Recent content in Cadvisor on Patrick Alin Site</description>
    <generator>Hugo -- gohugo.io</generator>
    <language>en-us</language>
    <lastBuildDate>Fri, 23 Mar 2018 00:00:00 +0000</lastBuildDate>
    
	<atom:link href="/tags/cadvisor/index.xml" rel="self" type="application/rss+xml" />
    
    
    <item>
      <title>Implementation Cadvisor</title>
      <link>/managementtools/3-implementation/cadvisor/</link>
      <pubDate>Fri, 23 Mar 2018 00:00:00 +0000</pubDate>
      
      <guid>/managementtools/3-implementation/cadvisor/</guid>
      <description> Récolte les métriques des containeurs.
Lien Portainer Cadvisor 
Run / Github  Github
git clone https://github.com/patrickalin/docker-cadvisor.gitcd /opt/docker-cadvisor/menu.sh  build deploy  Image google/cadvisor
 Insert localtime pour avoir le container avec la bonne date L&amp;rsquo;authentification est déjà dans l&amp;rsquo;application : par l&amp;rsquo;entrypoint et le fichier htpasswd Le healtcheck fonctionne  Docker-compose  /:/rootfs:ro /var/run:/var/run:rw /sys:/sys:ro /var/lib/docker/:/var/lib/docker:ro /dev/disk/:/dev/disk:ro  </description>
    </item>
    
  </channel>
</rss>