<?xml version="1.0" encoding="utf-8" standalone="yes" ?>
<rss version="2.0" xmlns:atom="http://www.w3.org/2005/Atom">
  <channel>
    <title>Contentdelivery on Patrick Alin Site</title>
    <link>/tags/contentdelivery/</link>
    <description>Recent content in Contentdelivery on Patrick Alin Site</description>
    <generator>Hugo -- gohugo.io</generator>
    <language>en-us</language>
    <lastBuildDate>Sun, 25 Mar 2018 22:36:52 +0200</lastBuildDate>
    
	<atom:link href="/tags/contentdelivery/index.xml" rel="self" type="application/rss+xml" />
    
    
    <item>
      <title>Content Delivery</title>
      <link>/contentdelivery/</link>
      <pubDate>Sun, 25 Mar 2018 22:36:52 +0200</pubDate>
      
      <guid>/contentdelivery/</guid>
      <description>  1-RA : content delivery Reference Architecture : content delivery
  2-Design : content delivery Design : api manager, events grid, reverse proxy
  3-Implementation : content delivery Implementation : Kong, Haproxy, Nginx, Traefik, Nats Streaming
  </description>
    </item>
    
  </channel>
</rss>