<?xml version="1.0" encoding="utf-8" standalone="yes" ?>
<rss version="2.0" xmlns:atom="http://www.w3.org/2005/Atom">
  <channel>
    <title>2- Design : Monitoring on Patrick Alin Site</title>
    <link>/managementtools/2-design/</link>
    <description>Recent content in 2- Design : Monitoring on Patrick Alin Site</description>
    <generator>Hugo -- gohugo.io</generator>
    <language>en-us</language>
    <lastBuildDate>Fri, 23 Mar 2018 00:00:00 +0000</lastBuildDate>
    
	<atom:link href="/managementtools/2-design/index.xml" rel="self" type="application/rss+xml" />
    
    
    <item>
      <title>Design : logs applicatifs</title>
      <link>/managementtools/2-design/designlogapplicatifs/</link>
      <pubDate>Sun, 25 Mar 2018 21:49:55 +0200</pubDate>
      
      <guid>/managementtools/2-design/designlogapplicatifs/</guid>
      <description>Lifecycle &amp;hellip;
Continuity of operations &amp;hellip;.
Data exchange &amp;hellip;
Roles &amp;hellip;
Constraints &amp;hellip;
Sizing &amp;hellip;</description>
    </item>
    
    <item>
      <title>Design : security logs</title>
      <link>/managementtools/2-design/designlogsecurity/</link>
      <pubDate>Sun, 25 Mar 2018 21:49:55 +0200</pubDate>
      
      <guid>/managementtools/2-design/designlogsecurity/</guid>
      <description>Lifecycle &amp;hellip;
Continuity of operations &amp;hellip;.
Data exchange &amp;hellip;
Roles &amp;hellip;
Constraints &amp;hellip;
Sizing &amp;hellip;</description>
    </item>
    
    <item>
      <title>Design Metrics Collector</title>
      <link>/managementtools/2-design/designmetrics/</link>
      <pubDate>Fri, 23 Mar 2018 00:00:00 +0000</pubDate>
      
      <guid>/managementtools/2-design/designmetrics/</guid>
      <description>  Prometheus Influxdb  Lifecycle Update each month.
Continuity of operations Data exchange Import data from /metrics
Roles  admin : add new connector all : consult data  Constraints Sizing </description>
    </item>
    
    <item>
      <title>Design Alert</title>
      <link>/managementtools/2-design/designalert/</link>
      <pubDate>Fri, 23 Mar 2018 00:00:00 +0000</pubDate>
      
      <guid>/managementtools/2-design/designalert/</guid>
      <description> Choice possible :
 Alertmanager from Prometheus. Alert from Grapha. Kapacitor from InfluxDat  Alertmanager Execute alertmanager in Docker. One instance is enough.
Update version Update each month.
Test  time to restart the service : time to restart the container time to reinstall the service : time to clone the git, et restart the container test alert Email test the webhook  </description>
    </item>
    
    <item>
      <title>Design Graph</title>
      <link>/managementtools/2-design/designgraph/</link>
      <pubDate>Fri, 23 Mar 2018 00:00:00 +0000</pubDate>
      
      <guid>/managementtools/2-design/designgraph/</guid>
      <description>Graph Graph is only when there is a problem. Nobody have to look graph.
Data From the retention of metrics.
Security No security, graph are open for everybody.</description>
    </item>
    
  </channel>
</rss>