<?xml version="1.0" encoding="utf-8" standalone="yes" ?>
<rss version="2.0" xmlns:atom="http://www.w3.org/2005/Atom">
  <channel>
    <title>3-Implementation : Monitoring on Patrick Alin Site</title>
    <link>/managementtools/3-implementation/</link>
    <description>Recent content in 3-Implementation : Monitoring on Patrick Alin Site</description>
    <generator>Hugo -- gohugo.io</generator>
    <language>en-us</language>
    <lastBuildDate>Fri, 23 Mar 2018 00:00:00 +0000</lastBuildDate>
    
	<atom:link href="/managementtools/3-implementation/index.xml" rel="self" type="application/rss+xml" />
    
    
    <item>
      <title>Implementation : ansible</title>
      <link>/managementtools/3-implementation/implementationansible/</link>
      <pubDate>Sun, 25 Mar 2018 21:54:31 +0200</pubDate>
      
      <guid>/managementtools/3-implementation/implementationansible/</guid>
      <description>Installation &amp;hellip;
Configuration Run &amp;hellip;
Links &amp;hellip;</description>
    </item>
    
    <item>
      <title>Implementation Prometheus</title>
      <link>/managementtools/3-implementation/prometheus/</link>
      <pubDate>Fri, 23 Mar 2018 00:00:00 +0000</pubDate>
      
      <guid>/managementtools/3-implementation/prometheus/</guid>
      <description> Prometheus : Time Series Database Centralisation des metrics dans une time serie database :
 machine viruelle ou physique container docker FN server  Lien prometheus Prometheus
Lien cadvisor Cadvisor 
Lien Node exporter Node exporter 
Run /opt/docker-prometheus/menu.sh  build deploy  </description>
    </item>
    
    <item>
      <title>Implementation Cadvisor</title>
      <link>/managementtools/3-implementation/cadvisor/</link>
      <pubDate>Fri, 23 Mar 2018 00:00:00 +0000</pubDate>
      
      <guid>/managementtools/3-implementation/cadvisor/</guid>
      <description> Récolte les métriques des containeurs.
Lien Portainer Cadvisor 
Run / Github  Github
git clone https://github.com/patrickalin/docker-cadvisor.gitcd /opt/docker-cadvisor/menu.sh  build deploy  Image google/cadvisor
 Insert localtime pour avoir le container avec la bonne date L&amp;rsquo;authentification est déjà dans l&amp;rsquo;application : par l&amp;rsquo;entrypoint et le fichier htpasswd Le healtcheck fonctionne  Docker-compose  /:/rootfs:ro /var/run:/var/run:rw /sys:/sys:ro /var/lib/docker/:/var/lib/docker:ro /dev/disk/:/dev/disk:ro  </description>
    </item>
    
    <item>
      <title>Implementation Grafana</title>
      <link>/managementtools/3-implementation/grafana/</link>
      <pubDate>Fri, 23 Mar 2018 00:00:00 +0000</pubDate>
      
      <guid>/managementtools/3-implementation/grafana/</guid>
      <description>Lien grafana Grafana 
Grafana : Visualisation TSDB count(rate(container_last_seen{name=~&amp;#34;.</description>
    </item>
    
    <item>
      <title>Implementation Alert</title>
      <link>/managementtools/3-implementation/alert/</link>
      <pubDate>Fri, 23 Mar 2018 00:00:00 +0000</pubDate>
      
      <guid>/managementtools/3-implementation/alert/</guid>
      <description> Alertmanager / blackbox  Alerting  Lien alertmanager Alertmanager 
Lien blackbox Blackbox 
Run cd /opt/docker-prometheus/menu.sh  build deploy  </description>
    </item>
    
  </channel>
</rss>