<?xml version="1.0" encoding="utf-8" standalone="yes" ?>
<rss version="2.0" xmlns:atom="http://www.w3.org/2005/Atom">
  <channel>
    <title>Alert on Patrick Alin Site</title>
    <link>/categories/alert/</link>
    <description>Recent content in Alert on Patrick Alin Site</description>
    <generator>Hugo -- gohugo.io</generator>
    <language>en-us</language>
    <lastBuildDate>Fri, 23 Mar 2018 00:00:00 +0000</lastBuildDate>
    
	<atom:link href="/categories/alert/index.xml" rel="self" type="application/rss+xml" />
    
    
    <item>
      <title>Architecture Alert</title>
      <link>/managementtools/1-architecture/aralert/</link>
      <pubDate>Fri, 23 Mar 2018 00:00:00 +0000</pubDate>
      
      <guid>/managementtools/1-architecture/aralert/</guid>
      <description>Use cases Send alert when treeshold of metrics.
Requirements Each time that there is a problem (treeshold), one alarm is generated.
 Send a email to one mailbox Admin Display alarm on one page for everybody  Type alert:
 mail webhook  Interfaces/ interconnections Possible to send mail. Possible to call webhok.
Data Is necessary to save each alarm for example save mail from the mailbox.
Security No security, alarm are open for every body.</description>
    </item>
    
  </channel>
</rss>