<?xml version="1.0" encoding="utf-8" standalone="yes" ?>
<rss version="2.0" xmlns:atom="http://www.w3.org/2005/Atom">
  <channel>
    <title>Backup on Patrick Alin Site</title>
    <link>/tags/backup/</link>
    <description>Recent content in Backup on Patrick Alin Site</description>
    <generator>Hugo -- gohugo.io</generator>
    <language>en-us</language>
    <lastBuildDate>Sun, 25 Mar 2018 22:00:35 +0200</lastBuildDate>
    
	<atom:link href="/tags/backup/index.xml" rel="self" type="application/rss+xml" />
    
    
    <item>
      <title>2-Design : stockage</title>
      <link>/storage/2-design/</link>
      <pubDate>Sun, 25 Mar 2018 22:00:35 +0200</pubDate>
      
      <guid>/storage/2-design/</guid>
      <description>  Design : S3 Design : S3
  Design : S3 Design : S3
  Design : SAN Design : SAN
   title: &amp;ldquo;Design : SFTP&amp;rdquo; description: &amp;ldquo;Design : SFTP&amp;rdquo; tags: [ &amp;ldquo;Design&amp;rdquo;, &amp;ldquo;SFTP&amp;rdquo; ] date: 2018-03-25T22:00:36+02:00 weight: 1 Lifecycle &amp;hellip; Continuity of operations &amp;hellip;. Data exchange &amp;hellip; Roles &amp;hellip; Constraints &amp;hellip; Sizing &amp;hellip;
  </description>
    </item>
    
  </channel>
</rss>