<?xml version="1.0" encoding="utf-8" standalone="yes" ?>
<rss version="2.0" xmlns:atom="http://www.w3.org/2005/Atom">
  <channel>
    <title>Implementation on Patrick Alin Site</title>
    <link>/tags/implementation/</link>
    <description>Recent content in Implementation on Patrick Alin Site</description>
    <generator>Hugo -- gohugo.io</generator>
    <language>en-us</language>
    <lastBuildDate>Mon, 26 Mar 2018 22:20:51 +0200</lastBuildDate>
    
	<atom:link href="/tags/implementation/index.xml" rel="self" type="application/rss+xml" />
    
    
    <item>
      <title>Implementation : iptable</title>
      <link>/security/3-implementation/implementationfirewall/</link>
      <pubDate>Mon, 26 Mar 2018 22:20:51 +0200</pubDate>
      
      <guid>/security/3-implementation/implementationfirewall/</guid>
      <description>Installation &amp;hellip;
Configuration Run &amp;hellip;
Links &amp;hellip;</description>
    </item>
    
    <item>
      <title>Implementation : Hadoop</title>
      <link>/analytics/3-implementation/implementationhadoop/</link>
      <pubDate>Sun, 25 Mar 2018 22:56:29 +0200</pubDate>
      
      <guid>/analytics/3-implementation/implementationhadoop/</guid>
      <description>Installation &amp;hellip;
Configuration Run &amp;hellip;
Links &amp;hellip;</description>
    </item>
    
    <item>
      <title>Implementation : Kibana</title>
      <link>/analytics/3-implementation/implementationkibana/</link>
      <pubDate>Sun, 25 Mar 2018 22:56:29 +0200</pubDate>
      
      <guid>/analytics/3-implementation/implementationkibana/</guid>
      <description>Installation &amp;hellip;
Configuration Run &amp;hellip;
Links &amp;hellip;</description>
    </item>
    
    <item>
      <title>Implementation : nginx</title>
      <link>/contentdelivery/3-implementation/implementationnginx/</link>
      <pubDate>Sun, 25 Mar 2018 22:36:54 +0200</pubDate>
      
      <guid>/contentdelivery/3-implementation/implementationnginx/</guid>
      <description>Installation &amp;hellip;
Configuration Run &amp;hellip;
Links &amp;hellip;</description>
    </item>
    
    <item>
      <title>Implementation : traefik</title>
      <link>/contentdelivery/3-implementation/implementationtraefik/</link>
      <pubDate>Sun, 25 Mar 2018 22:36:54 +0200</pubDate>
      
      <guid>/contentdelivery/3-implementation/implementationtraefik/</guid>
      <description>Installation &amp;hellip;
Configuration Run &amp;hellip;
Links &amp;hellip;</description>
    </item>
    
    <item>
      <title>Implementation : Route 53</title>
      <link>/network/3-implementation/implementationroute53/</link>
      <pubDate>Sun, 25 Mar 2018 22:33:22 +0200</pubDate>
      
      <guid>/network/3-implementation/implementationroute53/</guid>
      <description>Installation &amp;hellip;
Configuration Run &amp;hellip;
Links &amp;hellip;</description>
    </item>
    
    <item>
      <title>Implementation : Squid</title>
      <link>/network/3-implementation/implementationsquid/</link>
      <pubDate>Sun, 25 Mar 2018 22:33:22 +0200</pubDate>
      
      <guid>/network/3-implementation/implementationsquid/</guid>
      <description>Installation &amp;hellip;
Configuration Run &amp;hellip;
Links &amp;hellip;</description>
    </item>
    
    <item>
      <title>Implementation : centos</title>
      <link>/compute/3-implementation/implementationcentos/</link>
      <pubDate>Sun, 25 Mar 2018 22:26:22 +0200</pubDate>
      
      <guid>/compute/3-implementation/implementationcentos/</guid>
      <description>Installation &amp;hellip;
Configuration Run &amp;hellip;
Links &amp;hellip;</description>
    </item>
    
    <item>
      <title>Implementation : docker</title>
      <link>/compute/3-implementation/implementationdocker/</link>
      <pubDate>Sun, 25 Mar 2018 22:26:22 +0200</pubDate>
      
      <guid>/compute/3-implementation/implementationdocker/</guid>
      <description>Installation &amp;hellip;
Configuration Run &amp;hellip;
Links &amp;hellip;</description>
    </item>
    
    <item>
      <title>Implementation : kubernetes</title>
      <link>/compute/3-implementation/implementationkubernetes/</link>
      <pubDate>Sun, 25 Mar 2018 22:26:22 +0200</pubDate>
      
      <guid>/compute/3-implementation/implementationkubernetes/</guid>
      <description>Installation &amp;hellip;
Configuration Run &amp;hellip;
Links &amp;hellip;</description>
    </item>
    
    <item>
      <title>Implementation : vmWare</title>
      <link>/compute/3-implementation/implementationvmware/</link>
      <pubDate>Sun, 25 Mar 2018 22:26:22 +0200</pubDate>
      
      <guid>/compute/3-implementation/implementationvmware/</guid>
      <description>Installation &amp;hellip;
Configuration Run &amp;hellip;
Links &amp;hellip;</description>
    </item>
    
    <item>
      <title>Implementation : ...</title>
      <link>/office/3-implementation/implementationad/</link>
      <pubDate>Sun, 25 Mar 2018 22:21:50 +0200</pubDate>
      
      <guid>/office/3-implementation/implementationad/</guid>
      <description>Installation &amp;hellip;
Configuration Run &amp;hellip;
Links &amp;hellip;</description>
    </item>
    
    <item>
      <title>Implementation : Hugo</title>
      <link>/software/3-implementation/implementationhugo/</link>
      <pubDate>Sun, 25 Mar 2018 22:02:47 +0200</pubDate>
      
      <guid>/software/3-implementation/implementationhugo/</guid>
      <description>Installation &amp;hellip;
Configuration Run &amp;hellip;
Links &amp;hellip;</description>
    </item>
    
    <item>
      <title>Implementation : JBoss</title>
      <link>/software/3-implementation/implementationjboss/</link>
      <pubDate>Sun, 25 Mar 2018 22:02:47 +0200</pubDate>
      
      <guid>/software/3-implementation/implementationjboss/</guid>
      <description>Installation &amp;hellip;
Configuration Run &amp;hellip;
Links &amp;hellip;</description>
    </item>
    
    <item>
      <title>Implementation : Nginx</title>
      <link>/software/3-implementation/implementationnginx/</link>
      <pubDate>Sun, 25 Mar 2018 22:02:47 +0200</pubDate>
      
      <guid>/software/3-implementation/implementationnginx/</guid>
      <description>Installation &amp;hellip;
Configuration Run &amp;hellip;
Links &amp;hellip;</description>
    </item>
    
    <item>
      <title>Implementation : HAProxy</title>
      <link>/contentdelivery/3-implementation/implementationhaproxy/</link>
      <pubDate>Sun, 25 Mar 2018 22:00:45 +0200</pubDate>
      
      <guid>/contentdelivery/3-implementation/implementationhaproxy/</guid>
      <description>Installation &amp;hellip;
Configuration Run &amp;hellip;
Links &amp;hellip;</description>
    </item>
    
    <item>
      <title>Implementation : Nats Streaming</title>
      <link>/contentdelivery/3-implementation/implementationnatsstreaming/</link>
      <pubDate>Sun, 25 Mar 2018 22:00:45 +0200</pubDate>
      
      <guid>/contentdelivery/3-implementation/implementationnatsstreaming/</guid>
      <description>Installation &amp;hellip;
Configuration Run &amp;hellip;
Links &amp;hellip;</description>
    </item>
    
    <item>
      <title>Implementation : kong</title>
      <link>/contentdelivery/3-implementation/implementationkong/</link>
      <pubDate>Sun, 25 Mar 2018 22:00:45 +0200</pubDate>
      
      <guid>/contentdelivery/3-implementation/implementationkong/</guid>
      <description>Installation &amp;hellip;
Configuration Run &amp;hellip;
Links &amp;hellip;</description>
    </item>
    
    <item>
      <title>Implementation : Hadoop</title>
      <link>/storage/3-implementation/implementationhadoop/</link>
      <pubDate>Sun, 25 Mar 2018 22:00:37 +0200</pubDate>
      
      <guid>/storage/3-implementation/implementationhadoop/</guid>
      <description>Installation &amp;hellip;
Configuration Run &amp;hellip;
Links &amp;hellip;</description>
    </item>
    
    <item>
      <title>Implementation : VEAM</title>
      <link>/storage/3-implementation/implementationveam/</link>
      <pubDate>Sun, 25 Mar 2018 22:00:37 +0200</pubDate>
      
      <guid>/storage/3-implementation/implementationveam/</guid>
      <description>Installation &amp;hellip;
Configuration Run &amp;hellip;
Links &amp;hellip;</description>
    </item>
    
    <item>
      <title>Implementation : minio</title>
      <link>/storage/3-implementation/implementationminio/</link>
      <pubDate>Sun, 25 Mar 2018 22:00:37 +0200</pubDate>
      
      <guid>/storage/3-implementation/implementationminio/</guid>
      <description>Installation &amp;hellip;
Configuration Run &amp;hellip;
Links &amp;hellip;</description>
    </item>
    
    <item>
      <title>Implementation : GIT-CI</title>
      <link>/developertools/3-implementation/implementationgitci/</link>
      <pubDate>Sun, 25 Mar 2018 22:00:16 +0200</pubDate>
      
      <guid>/developertools/3-implementation/implementationgitci/</guid>
      <description>Installation &amp;hellip;
Configuration Run &amp;hellip;
Links &amp;hellip;</description>
    </item>
    
    <item>
      <title>Implementation : ...</title>
      <link>/developertools/3-implementation/implementationjira/</link>
      <pubDate>Sun, 25 Mar 2018 21:59:33 +0200</pubDate>
      
      <guid>/developertools/3-implementation/implementationjira/</guid>
      <description>Installation &amp;hellip;
Configuration Run &amp;hellip;
Links &amp;hellip;</description>
    </item>
    
    <item>
      <title>Implementation : couchbase</title>
      <link>/databases/3-implementation/implementationcouchbase/</link>
      <pubDate>Sun, 25 Mar 2018 21:55:27 +0200</pubDate>
      
      <guid>/databases/3-implementation/implementationcouchbase/</guid>
      <description>Installation &amp;hellip;
Configuration Run &amp;hellip;
Links &amp;hellip;</description>
    </item>
    
    <item>
      <title>Implementation : elasticsearch</title>
      <link>/databases/3-implementation/implementationelasticsearch/</link>
      <pubDate>Sun, 25 Mar 2018 21:55:27 +0200</pubDate>
      
      <guid>/databases/3-implementation/implementationelasticsearch/</guid>
      <description>Installation &amp;hellip;
Configuration Run &amp;hellip;
Links &amp;hellip;</description>
    </item>
    
    <item>
      <title>Implementation : ansible</title>
      <link>/managementtools/3-implementation/implementationansible/</link>
      <pubDate>Sun, 25 Mar 2018 21:54:31 +0200</pubDate>
      
      <guid>/managementtools/3-implementation/implementationansible/</guid>
      <description>Installation &amp;hellip;
Configuration Run &amp;hellip;
Links &amp;hellip;</description>
    </item>
    
    <item>
      <title>3-Implementation : security</title>
      <link>/security/3-implementation/</link>
      <pubDate>Mon, 26 Mar 2018 22:20:50 +0200</pubDate>
      
      <guid>/security/3-implementation/</guid>
      <description>  Implementation : iptable Implementation : Iptable
  </description>
    </item>
    
    <item>
      <title>3-Implementation : Analytics</title>
      <link>/analytics/3-implementation/</link>
      <pubDate>Sun, 25 Mar 2018 22:56:28 +0200</pubDate>
      
      <guid>/analytics/3-implementation/</guid>
      <description>  Implementation : Hadoop Implementation : Hadoop
  Implementation : Kibana Implementation : Kibana
  </description>
    </item>
    
    <item>
      <title>3-Implementation : mobile</title>
      <link>/mobile/3-implementation/</link>
      <pubDate>Sun, 25 Mar 2018 22:40:15 +0200</pubDate>
      
      <guid>/mobile/3-implementation/</guid>
      <description>  </description>
    </item>
    
    <item>
      <title>3-Implementation : content delivery</title>
      <link>/contentdelivery/3-implementation/</link>
      <pubDate>Sun, 25 Mar 2018 22:36:53 +0200</pubDate>
      
      <guid>/contentdelivery/3-implementation/</guid>
      <description>  Implementation : nginx Implementation : nginx
  Implementation : traefik Implementation : traefik
  Implementation : HAProxy Implementation : HAProxy
  Implementation : Nats Streaming Implementation : Nats Streaming
  Implementation : kong Implementation : kong
  </description>
    </item>
    
    <item>
      <title>3-Implementation : IOT</title>
      <link>/iot/3-implementation/</link>
      <pubDate>Sun, 25 Mar 2018 22:33:21 +0200</pubDate>
      
      <guid>/iot/3-implementation/</guid>
      <description>  </description>
    </item>
    
    <item>
      <title>3-Implementation : Network</title>
      <link>/network/3-implementation/</link>
      <pubDate>Sun, 25 Mar 2018 22:33:21 +0200</pubDate>
      
      <guid>/network/3-implementation/</guid>
      <description>  Implementation : Route 53 Implementation : Route 53
  Implementation : Squid Implementation : Squid
  </description>
    </item>
    
    <item>
      <title>3-Implementation : compute</title>
      <link>/compute/3-implementation/</link>
      <pubDate>Sun, 25 Mar 2018 22:26:21 +0200</pubDate>
      
      <guid>/compute/3-implementation/</guid>
      <description>  Implementation : centos Implementation : centos
  Implementation : docker Implementation : docker
  Implementation : kubernetes Implementation : kubernetes
  Implementation : vmWare Implementation : vmWare
  </description>
    </item>
    
    <item>
      <title>3-Implementation : office</title>
      <link>/office/3-implementation/</link>
      <pubDate>Sun, 25 Mar 2018 22:21:50 +0200</pubDate>
      
      <guid>/office/3-implementation/</guid>
      <description>  Implementation : ... Implementation : Active Directory
  </description>
    </item>
    
    <item>
      <title>3-Implementation : software</title>
      <link>/software/3-implementation/</link>
      <pubDate>Sun, 25 Mar 2018 22:02:46 +0200</pubDate>
      
      <guid>/software/3-implementation/</guid>
      <description>  Implementation : Hugo Implementation : Hugo
  Implementation : JBoss Implementation : JBoss
  Implementation : Nginx Implementation : Nginx
  </description>
    </item>
    
    <item>
      <title>3-Implementation : Storage</title>
      <link>/storage/3-implementation/</link>
      <pubDate>Sun, 25 Mar 2018 22:00:36 +0200</pubDate>
      
      <guid>/storage/3-implementation/</guid>
      <description>  Implementation : Hadoop Implementation : Hadoop
  Implementation : VEAM Implementation : VEAM
  Implementation : minio Implementation : minio
  </description>
    </item>
    
    <item>
      <title>3-Implementation : Developer tools</title>
      <link>/developertools/3-implementation/</link>
      <pubDate>Sun, 25 Mar 2018 21:59:33 +0200</pubDate>
      
      <guid>/developertools/3-implementation/</guid>
      <description>  Implementation : GIT-CI Implementation : GIT-CI
  Implementation : ... Implementation : ...
   title: &amp;ldquo;Implementation : GIT&amp;rdquo; description: &amp;ldquo;Implementation : GIT&amp;rdquo; tags: [ &amp;ldquo;Implementation&amp;rdquo;, &amp;ldquo;GIT&amp;rdquo; ] date: 2018-03-25T22:00:16+02:00 weight: 1 Installation &amp;hellip; Configuration git rm &amp;ndash;cached config.yaml Run &amp;hellip; Links &amp;hellip;
  </description>
    </item>
    
    <item>
      <title>3-Implementation : ...</title>
      <link>/databases/3-implementation/</link>
      <pubDate>Sun, 25 Mar 2018 21:55:27 +0200</pubDate>
      
      <guid>/databases/3-implementation/</guid>
      <description>  Implementation : couchbase Implementation : couchbase
  Implementation : elasticsearch Implementation : elasticsearch
  </description>
    </item>
    
    <item>
      <title>3-Implementation : Monitoring</title>
      <link>/managementtools/3-implementation/</link>
      <pubDate>Fri, 23 Mar 2018 00:00:00 +0000</pubDate>
      
      <guid>/managementtools/3-implementation/</guid>
      <description>Monitoring  Implementation : ansible Implementation : ansible
  Implementation Prometheus Time Series Database
  Design : ... Design : container
  Design : ... Design : serverless
  Design : ... Design : vm
  Design : Linux Design : Linux
  Implementation Cadvisor Collecteur des metrics des containeurs
  Implementation Grafana Visualisation des métriques
  Implementation Alert Alert on metrics</description>
    </item>
    
    <item>
      <title>Implementation Alert</title>
      <link>/managementtools/3-implementation/alert/</link>
      <pubDate>Fri, 23 Mar 2018 00:00:00 +0000</pubDate>
      
      <guid>/managementtools/3-implementation/alert/</guid>
      <description> Alertmanager / blackbox  Alerting  Lien alertmanager Alertmanager 
Lien blackbox Blackbox 
Run cd /opt/docker-prometheus/menu.sh  build deploy  </description>
    </item>
    
    <item>
      <title>Implementation Cadvisor</title>
      <link>/managementtools/3-implementation/cadvisor/</link>
      <pubDate>Fri, 23 Mar 2018 00:00:00 +0000</pubDate>
      
      <guid>/managementtools/3-implementation/cadvisor/</guid>
      <description> Récolte les métriques des containeurs.
Lien Portainer Cadvisor 
Run / Github  Github
git clone https://github.com/patrickalin/docker-cadvisor.gitcd /opt/docker-cadvisor/menu.sh  build deploy  Image google/cadvisor
 Insert localtime pour avoir le container avec la bonne date L&amp;rsquo;authentification est déjà dans l&amp;rsquo;application : par l&amp;rsquo;entrypoint et le fichier htpasswd Le healtcheck fonctionne  Docker-compose  /:/rootfs:ro /var/run:/var/run:rw /sys:/sys:ro /var/lib/docker/:/var/lib/docker:ro /dev/disk/:/dev/disk:ro  </description>
    </item>
    
    <item>
      <title>Implementation Grafana</title>
      <link>/managementtools/3-implementation/grafana/</link>
      <pubDate>Fri, 23 Mar 2018 00:00:00 +0000</pubDate>
      
      <guid>/managementtools/3-implementation/grafana/</guid>
      <description>Lien grafana Grafana 
Grafana : Visualisation TSDB count(rate(container_last_seen{name=~&amp;#34;.</description>
    </item>
    
    <item>
      <title>Implementation Prometheus</title>
      <link>/managementtools/3-implementation/prometheus/</link>
      <pubDate>Fri, 23 Mar 2018 00:00:00 +0000</pubDate>
      
      <guid>/managementtools/3-implementation/prometheus/</guid>
      <description> Prometheus : Time Series Database Centralisation des metrics dans une time serie database :
 machine viruelle ou physique container docker FN server  Lien prometheus Prometheus
Lien cadvisor Cadvisor 
Lien Node exporter Node exporter 
Run /opt/docker-prometheus/menu.sh  build deploy  </description>
    </item>
    
  </channel>
</rss>