<?xml version="1.0" encoding="utf-8" standalone="yes" ?>
<rss version="2.0" xmlns:atom="http://www.w3.org/2005/Atom">
  <channel>
    <title>1-RA : mobile on Patrick Alin Site</title>
    <link>/mobile/1-architecture/</link>
    <description>Recent content in 1-RA : mobile on Patrick Alin Site</description>
    <generator>Hugo -- gohugo.io</generator>
    <language>en-us</language>
    <lastBuildDate>Sun, 25 Mar 2018 22:40:14 +0200</lastBuildDate>
    
	<atom:link href="/mobile/1-architecture/index.xml" rel="self" type="application/rss+xml" />
    
    
    <item>
      <title>RA : mobile</title>
      <link>/mobile/1-architecture/armobile/</link>
      <pubDate>Sun, 25 Mar 2018 22:40:15 +0200</pubDate>
      
      <guid>/mobile/1-architecture/armobile/</guid>
      <description>Use cases &amp;hellip;
Requirements &amp;hellip;
Interfaces/ interconnections &amp;hellip;
Data &amp;hellip;
Security &amp;hellip;
DRP &amp;hellip;
Link to others RA &amp;hellip;</description>
    </item>
    
  </channel>
</rss>