<?xml version="1.0" encoding="utf-8" standalone="yes" ?>
<rss version="2.0" xmlns:atom="http://www.w3.org/2005/Atom">
  <channel>
    <title>Ansible on Patrick Alin Site</title>
    <link>/tags/ansible/</link>
    <description>Recent content in Ansible on Patrick Alin Site</description>
    <generator>Hugo -- gohugo.io</generator>
    <language>en-us</language>
    <lastBuildDate>Sun, 25 Mar 2018 21:54:31 +0200</lastBuildDate>
    
	<atom:link href="/tags/ansible/index.xml" rel="self" type="application/rss+xml" />
    
    
    <item>
      <title>Implementation : ansible</title>
      <link>/managementtools/3-implementation/implementationansible/</link>
      <pubDate>Sun, 25 Mar 2018 21:54:31 +0200</pubDate>
      
      <guid>/managementtools/3-implementation/implementationansible/</guid>
      <description>Installation &amp;hellip;
Configuration Run &amp;hellip;
Links &amp;hellip;</description>
    </item>
    
  </channel>
</rss>