<?xml version="1.0" encoding="utf-8" standalone="yes" ?>
<rss version="2.0" xmlns:atom="http://www.w3.org/2005/Atom">
  <channel>
    <title>Elasticsearch on Patrick Alin Site</title>
    <link>/tags/elasticsearch/</link>
    <description>Recent content in Elasticsearch on Patrick Alin Site</description>
    <generator>Hugo -- gohugo.io</generator>
    <language>en-us</language>
    <lastBuildDate>Sun, 25 Mar 2018 21:55:27 +0200</lastBuildDate>
    
	<atom:link href="/tags/elasticsearch/index.xml" rel="self" type="application/rss+xml" />
    
    
    <item>
      <title>Implementation : elasticsearch</title>
      <link>/databases/3-implementation/implementationelasticsearch/</link>
      <pubDate>Sun, 25 Mar 2018 21:55:27 +0200</pubDate>
      
      <guid>/databases/3-implementation/implementationelasticsearch/</guid>
      <description>Installation &amp;hellip;
Configuration Run &amp;hellip;
Links &amp;hellip;</description>
    </item>
    
  </channel>
</rss>