<?xml version="1.0" encoding="utf-8" standalone="yes" ?>
<rss version="2.0" xmlns:atom="http://www.w3.org/2005/Atom">
  <channel>
    <title>Patrick Alin site on Patrick Alin Site</title>
    <link>/</link>
    <description>Recent content in Patrick Alin site on Patrick Alin Site</description>
    <generator>Hugo -- gohugo.io</generator>
    <language>en-us</language>
    <lastBuildDate>Mon, 26 Mar 2018 22:20:51 +0200</lastBuildDate>
    
	<atom:link href="/index.xml" rel="self" type="application/rss+xml" />
    
    
    <item>
      <title>Implementation : iptable</title>
      <link>/security/3-implementation/implementationfirewall/</link>
      <pubDate>Mon, 26 Mar 2018 22:20:51 +0200</pubDate>
      
      <guid>/security/3-implementation/implementationfirewall/</guid>
      <description>Installation &amp;hellip;
Configuration Run &amp;hellip;
Links &amp;hellip;</description>
    </item>
    
    <item>
      <title>Design : Certificat</title>
      <link>/security/2-design/designcertificat/</link>
      <pubDate>Mon, 26 Mar 2018 22:20:50 +0200</pubDate>
      
      <guid>/security/2-design/designcertificat/</guid>
      <description>Lifecycle &amp;hellip;
Continuity of operations &amp;hellip;.
Data exchange &amp;hellip;
Roles &amp;hellip;
Constraints &amp;hellip;
Sizing &amp;hellip;</description>
    </item>
    
    <item>
      <title>Design : HSM</title>
      <link>/security/2-design/designhsm/</link>
      <pubDate>Mon, 26 Mar 2018 22:20:50 +0200</pubDate>
      
      <guid>/security/2-design/designhsm/</guid>
      <description>Lifecycle &amp;hellip;
Continuity of operations &amp;hellip;.
Data exchange &amp;hellip;
Roles &amp;hellip;
Constraints &amp;hellip;
Sizing &amp;hellip;</description>
    </item>
    
    <item>
      <title>RA : Authenticate</title>
      <link>/security/1-architecture/arautenticate/</link>
      <pubDate>Mon, 26 Mar 2018 22:20:50 +0200</pubDate>
      
      <guid>/security/1-architecture/arautenticate/</guid>
      <description>Use cases &amp;hellip;
Requirements &amp;hellip;
Interfaces/ interconnections &amp;hellip;
Data &amp;hellip;
Security &amp;hellip;
DRP &amp;hellip;
Link to others RA &amp;hellip;</description>
    </item>
    
    <item>
      <title>RA : Certificats</title>
      <link>/security/1-architecture/arcertificats/</link>
      <pubDate>Mon, 26 Mar 2018 22:20:50 +0200</pubDate>
      
      <guid>/security/1-architecture/arcertificats/</guid>
      <description>Use cases &amp;hellip;
Requirements &amp;hellip;
Interfaces/ interconnections &amp;hellip;
Data &amp;hellip;
Security &amp;hellip;
DRP &amp;hellip;
Link to others RA &amp;hellip;</description>
    </item>
    
    <item>
      <title>RA : Crypto</title>
      <link>/security/1-architecture/arcrypto/</link>
      <pubDate>Mon, 26 Mar 2018 22:20:50 +0200</pubDate>
      
      <guid>/security/1-architecture/arcrypto/</guid>
      <description>Use cases &amp;hellip;
Requirements &amp;hellip;
Interfaces/ interconnections &amp;hellip;
Data &amp;hellip;
Security &amp;hellip;
DRP &amp;hellip;
Link to others RA &amp;hellip;</description>
    </item>
    
    <item>
      <title>RA : Vault</title>
      <link>/security/1-architecture/arvault/</link>
      <pubDate>Mon, 26 Mar 2018 22:20:50 +0200</pubDate>
      
      <guid>/security/1-architecture/arvault/</guid>
      <description>Use cases &amp;hellip;
Requirements &amp;hellip;
Interfaces/ interconnections &amp;hellip;
Data &amp;hellip;
Security &amp;hellip;
DRP &amp;hellip;
Link to others RA &amp;hellip;</description>
    </item>
    
    <item>
      <title>RA : firewall</title>
      <link>/security/1-architecture/arfirewall/</link>
      <pubDate>Mon, 26 Mar 2018 22:20:50 +0200</pubDate>
      
      <guid>/security/1-architecture/arfirewall/</guid>
      <description>Use cases &amp;hellip;
Requirements &amp;hellip;
Interfaces/ interconnections &amp;hellip;
Data &amp;hellip;
Security &amp;hellip;
DRP &amp;hellip;
Link to others RA &amp;hellip;</description>
    </item>
    
    <item>
      <title>Design : Bigdata</title>
      <link>/analytics/2-design/designbigdata/</link>
      <pubDate>Sun, 25 Mar 2018 22:56:29 +0200</pubDate>
      
      <guid>/analytics/2-design/designbigdata/</guid>
      <description>Lifecycle &amp;hellip;
Continuity of operations &amp;hellip;.
Data exchange &amp;hellip;
Roles &amp;hellip;
Constraints &amp;hellip;
Sizing &amp;hellip;</description>
    </item>
    
    <item>
      <title>Design : ETL</title>
      <link>/analytics/2-design/designetl/</link>
      <pubDate>Sun, 25 Mar 2018 22:56:29 +0200</pubDate>
      
      <guid>/analytics/2-design/designetl/</guid>
      <description>Lifecycle &amp;hellip;
Continuity of operations &amp;hellip;.
Data exchange &amp;hellip;
Roles &amp;hellip;
Constraints &amp;hellip;
Sizing &amp;hellip;</description>
    </item>
    
    <item>
      <title>Design : OpenTracing</title>
      <link>/analytics/2-design/designopentracing/</link>
      <pubDate>Sun, 25 Mar 2018 22:56:29 +0200</pubDate>
      
      <guid>/analytics/2-design/designopentracing/</guid>
      <description>Lifecycle &amp;hellip;
Continuity of operations &amp;hellip;.
Data exchange &amp;hellip;
Roles &amp;hellip;
Constraints &amp;hellip;
Sizing &amp;hellip;</description>
    </item>
    
    <item>
      <title>Implementation : Hadoop</title>
      <link>/analytics/3-implementation/implementationhadoop/</link>
      <pubDate>Sun, 25 Mar 2018 22:56:29 +0200</pubDate>
      
      <guid>/analytics/3-implementation/implementationhadoop/</guid>
      <description>Installation &amp;hellip;
Configuration Run &amp;hellip;
Links &amp;hellip;</description>
    </item>
    
    <item>
      <title>Implementation : Kibana</title>
      <link>/analytics/3-implementation/implementationkibana/</link>
      <pubDate>Sun, 25 Mar 2018 22:56:29 +0200</pubDate>
      
      <guid>/analytics/3-implementation/implementationkibana/</guid>
      <description>Installation &amp;hellip;
Configuration Run &amp;hellip;
Links &amp;hellip;</description>
    </item>
    
    <item>
      <title>RA : AI</title>
      <link>/analytics/1-architecture/arai/</link>
      <pubDate>Sun, 25 Mar 2018 22:56:29 +0200</pubDate>
      
      <guid>/analytics/1-architecture/arai/</guid>
      <description>Use cases &amp;hellip;
Requirements &amp;hellip;
Interfaces/ interconnections &amp;hellip;
Data &amp;hellip;
Security &amp;hellip;
DRP &amp;hellip;
Link to others RA &amp;hellip;</description>
    </item>
    
    <item>
      <title>RA : Analytics</title>
      <link>/analytics/1-architecture/aranalytics/</link>
      <pubDate>Sun, 25 Mar 2018 22:56:29 +0200</pubDate>
      
      <guid>/analytics/1-architecture/aranalytics/</guid>
      <description>Use cases &amp;hellip;
Requirements &amp;hellip;
Interfaces/ interconnections &amp;hellip;
Data &amp;hellip;
Security &amp;hellip;
DRP &amp;hellip;
Link to others RA &amp;hellip;</description>
    </item>
    
    <item>
      <title>RA : BAM</title>
      <link>/analytics/1-architecture/arbusinessapplicationmonitoring/</link>
      <pubDate>Sun, 25 Mar 2018 22:56:29 +0200</pubDate>
      
      <guid>/analytics/1-architecture/arbusinessapplicationmonitoring/</guid>
      <description>Use cases &amp;hellip;
Requirements &amp;hellip;
Interfaces/ interconnections &amp;hellip;
Data &amp;hellip;
Security &amp;hellip;
DRP &amp;hellip;
Link to others RA &amp;hellip;</description>
    </item>
    
    <item>
      <title>RA : BigData</title>
      <link>/analytics/1-architecture/arbigdata/</link>
      <pubDate>Sun, 25 Mar 2018 22:56:29 +0200</pubDate>
      
      <guid>/analytics/1-architecture/arbigdata/</guid>
      <description>Use cases &amp;hellip;
Requirements &amp;hellip;
Interfaces/ interconnections &amp;hellip;
Data &amp;hellip;
Security &amp;hellip;
DRP &amp;hellip;
Link to others RA &amp;hellip;</description>
    </item>
    
    <item>
      <title>Design : mobile</title>
      <link>/mobile/2-design/designmobile/</link>
      <pubDate>Sun, 25 Mar 2018 22:40:15 +0200</pubDate>
      
      <guid>/mobile/2-design/designmobile/</guid>
      <description>Lifecycle &amp;hellip;
Continuity of operations &amp;hellip;.
Data exchange &amp;hellip;
Roles &amp;hellip;
Constraints &amp;hellip;
Sizing &amp;hellip;</description>
    </item>
    
    <item>
      <title>RA : mobile</title>
      <link>/mobile/1-architecture/armobile/</link>
      <pubDate>Sun, 25 Mar 2018 22:40:15 +0200</pubDate>
      
      <guid>/mobile/1-architecture/armobile/</guid>
      <description>Use cases &amp;hellip;
Requirements &amp;hellip;
Interfaces/ interconnections &amp;hellip;
Data &amp;hellip;
Security &amp;hellip;
DRP &amp;hellip;
Link to others RA &amp;hellip;</description>
    </item>
    
    <item>
      <title>Implementation : nginx</title>
      <link>/contentdelivery/3-implementation/implementationnginx/</link>
      <pubDate>Sun, 25 Mar 2018 22:36:54 +0200</pubDate>
      
      <guid>/contentdelivery/3-implementation/implementationnginx/</guid>
      <description>Installation &amp;hellip;
Configuration Run &amp;hellip;
Links &amp;hellip;</description>
    </item>
    
    <item>
      <title>Implementation : traefik</title>
      <link>/contentdelivery/3-implementation/implementationtraefik/</link>
      <pubDate>Sun, 25 Mar 2018 22:36:54 +0200</pubDate>
      
      <guid>/contentdelivery/3-implementation/implementationtraefik/</guid>
      <description>Installation &amp;hellip;
Configuration Run &amp;hellip;
Links &amp;hellip;</description>
    </item>
    
    <item>
      <title>Design : API Manager</title>
      <link>/contentdelivery/2-design/designapimanager/</link>
      <pubDate>Sun, 25 Mar 2018 22:36:53 +0200</pubDate>
      
      <guid>/contentdelivery/2-design/designapimanager/</guid>
      <description>Lifecycle &amp;hellip;
Continuity of operations &amp;hellip;.
Data exchange &amp;hellip;
Roles &amp;hellip;
Constraints &amp;hellip;
Sizing &amp;hellip;</description>
    </item>
    
    <item>
      <title>Design : Event Grid</title>
      <link>/contentdelivery/2-design/designeventsgrid/</link>
      <pubDate>Sun, 25 Mar 2018 22:36:53 +0200</pubDate>
      
      <guid>/contentdelivery/2-design/designeventsgrid/</guid>
      <description>Lifecycle &amp;hellip;
Continuity of operations &amp;hellip;.
Data exchange &amp;hellip;
Roles &amp;hellip;
Constraints &amp;hellip;
Sizing &amp;hellip;</description>
    </item>
    
    <item>
      <title>Design : RP</title>
      <link>/contentdelivery/2-design/designreverseproxy/</link>
      <pubDate>Sun, 25 Mar 2018 22:36:53 +0200</pubDate>
      
      <guid>/contentdelivery/2-design/designreverseproxy/</guid>
      <description>Lifecycle &amp;hellip;
Continuity of operations &amp;hellip;.
Data exchange &amp;hellip;
Roles &amp;hellip;
Constraints &amp;hellip;
Sizing &amp;hellip;</description>
    </item>
    
    <item>
      <title>RA : content delivery</title>
      <link>/contentdelivery/1-architecture/arcontentdelivery/</link>
      <pubDate>Sun, 25 Mar 2018 22:36:53 +0200</pubDate>
      
      <guid>/contentdelivery/1-architecture/arcontentdelivery/</guid>
      <description>Use cases &amp;hellip;
Requirements &amp;hellip;
Interfaces/ interconnections &amp;hellip;
Data &amp;hellip;
Security &amp;hellip;
DRP &amp;hellip;
Link to others RA &amp;hellip;</description>
    </item>
    
    <item>
      <title>Design : DNS</title>
      <link>/network/2-design/designdns/</link>
      <pubDate>Sun, 25 Mar 2018 22:33:22 +0200</pubDate>
      
      <guid>/network/2-design/designdns/</guid>
      <description>Lifecycle &amp;hellip;
Continuity of operations &amp;hellip;.
Data exchange &amp;hellip;
Roles &amp;hellip;
Constraints &amp;hellip;
Sizing &amp;hellip;</description>
    </item>
    
    <item>
      <title>Design : Load Balancer</title>
      <link>/network/2-design/designloadbalancer/</link>
      <pubDate>Sun, 25 Mar 2018 22:33:22 +0200</pubDate>
      
      <guid>/network/2-design/designloadbalancer/</guid>
      <description>Lifecycle &amp;hellip;
Continuity of operations &amp;hellip;.
Data exchange &amp;hellip;
Roles &amp;hellip;
Constraints &amp;hellip;
Sizing &amp;hellip;</description>
    </item>
    
    <item>
      <title>Design : Proxy</title>
      <link>/network/2-design/designproxy/</link>
      <pubDate>Sun, 25 Mar 2018 22:33:22 +0200</pubDate>
      
      <guid>/network/2-design/designproxy/</guid>
      <description>Lifecycle &amp;hellip;
Continuity of operations &amp;hellip;.
Data exchange &amp;hellip;
Roles &amp;hellip;
Constraints &amp;hellip;
Sizing &amp;hellip;</description>
    </item>
    
    <item>
      <title>Design : Trafic Manager</title>
      <link>/network/2-design/designtraficmanager/</link>
      <pubDate>Sun, 25 Mar 2018 22:33:22 +0200</pubDate>
      
      <guid>/network/2-design/designtraficmanager/</guid>
      <description>Lifecycle &amp;hellip;
Continuity of operations &amp;hellip;.
Data exchange &amp;hellip;
Roles &amp;hellip;
Constraints &amp;hellip;
Sizing &amp;hellip;</description>
    </item>
    
    <item>
      <title>Design : VPN.</title>
      <link>/network/2-design/designvpn/</link>
      <pubDate>Sun, 25 Mar 2018 22:33:22 +0200</pubDate>
      
      <guid>/network/2-design/designvpn/</guid>
      <description>Lifecycle &amp;hellip;
Continuity of operations &amp;hellip;.
Data exchange &amp;hellip;
Roles &amp;hellip;
Constraints &amp;hellip;
Sizing &amp;hellip;</description>
    </item>
    
    <item>
      <title>Implementation : Route 53</title>
      <link>/network/3-implementation/implementationroute53/</link>
      <pubDate>Sun, 25 Mar 2018 22:33:22 +0200</pubDate>
      
      <guid>/network/3-implementation/implementationroute53/</guid>
      <description>Installation &amp;hellip;
Configuration Run &amp;hellip;
Links &amp;hellip;</description>
    </item>
    
    <item>
      <title>Implementation : Squid</title>
      <link>/network/3-implementation/implementationsquid/</link>
      <pubDate>Sun, 25 Mar 2018 22:33:22 +0200</pubDate>
      
      <guid>/network/3-implementation/implementationsquid/</guid>
      <description>Installation &amp;hellip;
Configuration Run &amp;hellip;
Links &amp;hellip;</description>
    </item>
    
    <item>
      <title>RA : network</title>
      <link>/network/1-architecture/arnetwork/</link>
      <pubDate>Sun, 25 Mar 2018 22:33:22 +0200</pubDate>
      
      <guid>/network/1-architecture/arnetwork/</guid>
      <description>Use cases &amp;hellip;
Requirements &amp;hellip;
Interfaces/ interconnections &amp;hellip;
Data &amp;hellip;
Security &amp;hellip;
DRP &amp;hellip;
Link to others RA &amp;hellip;</description>
    </item>
    
    <item>
      <title>Implementation : centos</title>
      <link>/compute/3-implementation/implementationcentos/</link>
      <pubDate>Sun, 25 Mar 2018 22:26:22 +0200</pubDate>
      
      <guid>/compute/3-implementation/implementationcentos/</guid>
      <description>Installation &amp;hellip;
Configuration Run &amp;hellip;
Links &amp;hellip;</description>
    </item>
    
    <item>
      <title>Implementation : docker</title>
      <link>/compute/3-implementation/implementationdocker/</link>
      <pubDate>Sun, 25 Mar 2018 22:26:22 +0200</pubDate>
      
      <guid>/compute/3-implementation/implementationdocker/</guid>
      <description>Installation &amp;hellip;
Configuration Run &amp;hellip;
Links &amp;hellip;</description>
    </item>
    
    <item>
      <title>Implementation : kubernetes</title>
      <link>/compute/3-implementation/implementationkubernetes/</link>
      <pubDate>Sun, 25 Mar 2018 22:26:22 +0200</pubDate>
      
      <guid>/compute/3-implementation/implementationkubernetes/</guid>
      <description>Installation &amp;hellip;
Configuration Run &amp;hellip;
Links &amp;hellip;</description>
    </item>
    
    <item>
      <title>Implementation : vmWare</title>
      <link>/compute/3-implementation/implementationvmware/</link>
      <pubDate>Sun, 25 Mar 2018 22:26:22 +0200</pubDate>
      
      <guid>/compute/3-implementation/implementationvmware/</guid>
      <description>Installation &amp;hellip;
Configuration Run &amp;hellip;
Links &amp;hellip;</description>
    </item>
    
    <item>
      <title>Design : ...</title>
      <link>/compute/2-design/designcontainer/</link>
      <pubDate>Sun, 25 Mar 2018 22:26:21 +0200</pubDate>
      
      <guid>/compute/2-design/designcontainer/</guid>
      <description>Lifecycle &amp;hellip;
Continuity of operations &amp;hellip;.
Data exchange &amp;hellip;
Roles &amp;hellip;
Constraints &amp;hellip;
Sizing &amp;hellip;</description>
    </item>
    
    <item>
      <title>Design : ...</title>
      <link>/compute/2-design/designserveless/</link>
      <pubDate>Sun, 25 Mar 2018 22:26:21 +0200</pubDate>
      
      <guid>/compute/2-design/designserveless/</guid>
      <description>Lifecycle &amp;hellip;
Continuity of operations &amp;hellip;.
Data exchange &amp;hellip;
Roles &amp;hellip;
Constraints &amp;hellip;
Sizing &amp;hellip;</description>
    </item>
    
    <item>
      <title>Design : ...</title>
      <link>/compute/2-design/designvm/</link>
      <pubDate>Sun, 25 Mar 2018 22:26:21 +0200</pubDate>
      
      <guid>/compute/2-design/designvm/</guid>
      <description>Lifecycle &amp;hellip;
Continuity of operations &amp;hellip;.
Data exchange &amp;hellip;
Roles &amp;hellip;
Constraints &amp;hellip;
Sizing &amp;hellip;</description>
    </item>
    
    <item>
      <title>Design : Linux</title>
      <link>/compute/2-design/designlinux/</link>
      <pubDate>Sun, 25 Mar 2018 22:26:21 +0200</pubDate>
      
      <guid>/compute/2-design/designlinux/</guid>
      <description>Lifecycle &amp;hellip;
Continuity of operations &amp;hellip;.
Data exchange &amp;hellip;
Roles &amp;hellip;
Constraints &amp;hellip;
Sizing &amp;hellip;</description>
    </item>
    
    <item>
      <title>RA : CAAS</title>
      <link>/compute/1-architecture/arcaas/</link>
      <pubDate>Sun, 25 Mar 2018 22:26:21 +0200</pubDate>
      
      <guid>/compute/1-architecture/arcaas/</guid>
      <description>Use cases &amp;hellip;
Requirements &amp;hellip;
Interfaces/ interconnections &amp;hellip;
Data &amp;hellip;
Security &amp;hellip;
DRP &amp;hellip;
Link to others RA &amp;hellip;</description>
    </item>
    
    <item>
      <title>RA : Compute</title>
      <link>/compute/1-architecture/arcompute/</link>
      <pubDate>Sun, 25 Mar 2018 22:26:21 +0200</pubDate>
      
      <guid>/compute/1-architecture/arcompute/</guid>
      <description>Use cases &amp;hellip;
Requirements &amp;hellip;
Interfaces/ interconnections &amp;hellip;
Data &amp;hellip;
Security &amp;hellip;
DRP &amp;hellip;
Link to others RA &amp;hellip;</description>
    </item>
    
    <item>
      <title>RA : Serverless</title>
      <link>/compute/1-architecture/arserverless/</link>
      <pubDate>Sun, 25 Mar 2018 22:26:21 +0200</pubDate>
      
      <guid>/compute/1-architecture/arserverless/</guid>
      <description>Use cases &amp;hellip;
Requirements &amp;hellip;
Interfaces/ interconnections &amp;hellip;
Data &amp;hellip;
Security &amp;hellip;
DRP &amp;hellip;
Link to others RA &amp;hellip;</description>
    </item>
    
    <item>
      <title>RA : VM</title>
      <link>/compute/1-architecture/arvm/</link>
      <pubDate>Sun, 25 Mar 2018 22:26:21 +0200</pubDate>
      
      <guid>/compute/1-architecture/arvm/</guid>
      <description>Use cases &amp;hellip;
Requirements &amp;hellip;
Interfaces/ interconnections &amp;hellip;
Data &amp;hellip;
Security &amp;hellip;
DRP &amp;hellip;
Link to others RA &amp;hellip;</description>
    </item>
    
    <item>
      <title>Design : ...</title>
      <link>/office/2-design/designdirectory/</link>
      <pubDate>Sun, 25 Mar 2018 22:21:50 +0200</pubDate>
      
      <guid>/office/2-design/designdirectory/</guid>
      <description>Lifecycle &amp;hellip;
Continuity of operations &amp;hellip;.
Data exchange &amp;hellip;
Roles &amp;hellip;
Constraints &amp;hellip;
Sizing &amp;hellip;
OpenLDAP Microsoft Active Directory</description>
    </item>
    
    <item>
      <title>Design : ...</title>
      <link>/office/2-design/designfileserver/</link>
      <pubDate>Sun, 25 Mar 2018 22:21:50 +0200</pubDate>
      
      <guid>/office/2-design/designfileserver/</guid>
      <description>Lifecycle &amp;hellip;
Continuity of operations &amp;hellip;.
Data exchange &amp;hellip;
Roles &amp;hellip;
Constraints &amp;hellip;
Sizing &amp;hellip;</description>
    </item>
    
    <item>
      <title>Design : ...</title>
      <link>/office/2-design/designmail/</link>
      <pubDate>Sun, 25 Mar 2018 22:21:50 +0200</pubDate>
      
      <guid>/office/2-design/designmail/</guid>
      <description>Lifecycle &amp;hellip;
Continuity of operations &amp;hellip;.
Data exchange &amp;hellip;
Roles &amp;hellip;
Constraints &amp;hellip;
Sizing &amp;hellip;</description>
    </item>
    
    <item>
      <title>Design : ...</title>
      <link>/office/2-design/designprintserver/</link>
      <pubDate>Sun, 25 Mar 2018 22:21:50 +0200</pubDate>
      
      <guid>/office/2-design/designprintserver/</guid>
      <description>Lifecycle &amp;hellip;
Continuity of operations &amp;hellip;.
Data exchange &amp;hellip;
Roles &amp;hellip;
Constraints &amp;hellip;
Sizing &amp;hellip;</description>
    </item>
    
    <item>
      <title>Design : ...</title>
      <link>/office/2-design/designvoip/</link>
      <pubDate>Sun, 25 Mar 2018 22:21:50 +0200</pubDate>
      
      <guid>/office/2-design/designvoip/</guid>
      <description>Lifecycle &amp;hellip;
Continuity of operations &amp;hellip;.
Data exchange &amp;hellip;
Roles &amp;hellip;
Constraints &amp;hellip;
Sizing &amp;hellip;</description>
    </item>
    
    <item>
      <title>Implementation : ...</title>
      <link>/office/3-implementation/implementationad/</link>
      <pubDate>Sun, 25 Mar 2018 22:21:50 +0200</pubDate>
      
      <guid>/office/3-implementation/implementationad/</guid>
      <description>Installation &amp;hellip;
Configuration Run &amp;hellip;
Links &amp;hellip;</description>
    </item>
    
    <item>
      <title>RA : ...</title>
      <link>/office/1-architecture/arexample/</link>
      <pubDate>Sun, 25 Mar 2018 22:21:50 +0200</pubDate>
      
      <guid>/office/1-architecture/arexample/</guid>
      <description>Use cases &amp;hellip;
Requirements &amp;hellip;
Interfaces/ interconnections &amp;hellip;
Data &amp;hellip;
Security &amp;hellip;
DRP &amp;hellip;
Link to others RA &amp;hellip;</description>
    </item>
    
    <item>
      <title>Design : ...</title>
      <link>/software/2-design/designapplicationserver/</link>
      <pubDate>Sun, 25 Mar 2018 22:02:47 +0200</pubDate>
      
      <guid>/software/2-design/designapplicationserver/</guid>
      <description>Lifecycle &amp;hellip;
Continuity of operations &amp;hellip;.
Data exchange &amp;hellip;
Roles &amp;hellip;
Constraints &amp;hellip;
Sizing &amp;hellip;</description>
    </item>
    
    <item>
      <title>Design : Static Web Generator</title>
      <link>/software/2-design/designstaticwebgenerator/</link>
      <pubDate>Sun, 25 Mar 2018 22:02:47 +0200</pubDate>
      
      <guid>/software/2-design/designstaticwebgenerator/</guid>
      <description>Lifecycle &amp;hellip;
Continuity of operations &amp;hellip;.
Data exchange &amp;hellip;
Roles &amp;hellip;
Constraints &amp;hellip;
Sizing &amp;hellip;</description>
    </item>
    
    <item>
      <title>Implementation : Hugo</title>
      <link>/software/3-implementation/implementationhugo/</link>
      <pubDate>Sun, 25 Mar 2018 22:02:47 +0200</pubDate>
      
      <guid>/software/3-implementation/implementationhugo/</guid>
      <description>Installation &amp;hellip;
Configuration Run &amp;hellip;
Links &amp;hellip;</description>
    </item>
    
    <item>
      <title>Implementation : JBoss</title>
      <link>/software/3-implementation/implementationjboss/</link>
      <pubDate>Sun, 25 Mar 2018 22:02:47 +0200</pubDate>
      
      <guid>/software/3-implementation/implementationjboss/</guid>
      <description>Installation &amp;hellip;
Configuration Run &amp;hellip;
Links &amp;hellip;</description>
    </item>
    
    <item>
      <title>Implementation : Nginx</title>
      <link>/software/3-implementation/implementationnginx/</link>
      <pubDate>Sun, 25 Mar 2018 22:02:47 +0200</pubDate>
      
      <guid>/software/3-implementation/implementationnginx/</guid>
      <description>Installation &amp;hellip;
Configuration Run &amp;hellip;
Links &amp;hellip;</description>
    </item>
    
    <item>
      <title>RA : batch</title>
      <link>/software/1-architecture/arapplicationbatch/</link>
      <pubDate>Sun, 25 Mar 2018 22:02:46 +0200</pubDate>
      
      <guid>/software/1-architecture/arapplicationbatch/</guid>
      <description>Use cases &amp;hellip;
Requirements &amp;hellip;
Interfaces/ interconnections &amp;hellip;
Data &amp;hellip;
Security &amp;hellip;
DRP &amp;hellip;
Link to others RA &amp;hellip;</description>
    </item>
    
    <item>
      <title>RA : microservice</title>
      <link>/software/1-architecture/arapplicationmicroservice/</link>
      <pubDate>Sun, 25 Mar 2018 22:02:46 +0200</pubDate>
      
      <guid>/software/1-architecture/arapplicationmicroservice/</guid>
      <description>Use cases &amp;hellip;
Requirements &amp;hellip;
Interfaces/ interconnections &amp;hellip;
Data &amp;hellip;
Security &amp;hellip;
DRP &amp;hellip;
Link to others RA &amp;hellip;</description>
    </item>
    
    <item>
      <title>RA : portal</title>
      <link>/software/1-architecture/arapplicationportal/</link>
      <pubDate>Sun, 25 Mar 2018 22:02:46 +0200</pubDate>
      
      <guid>/software/1-architecture/arapplicationportal/</guid>
      <description>Use cases &amp;hellip;
Requirements &amp;hellip;
Interfaces/ interconnections &amp;hellip;
Data &amp;hellip;
Security &amp;hellip;
DRP &amp;hellip;
Link to others RA &amp;hellip;</description>
    </item>
    
    <item>
      <title>RA : webserver</title>
      <link>/software/1-architecture/arapplicationwebservice/</link>
      <pubDate>Sun, 25 Mar 2018 22:02:46 +0200</pubDate>
      
      <guid>/software/1-architecture/arapplicationwebservice/</guid>
      <description>Use cases &amp;hellip;
Requirements &amp;hellip;
Interfaces/ interconnections &amp;hellip;
Data &amp;hellip;
Security &amp;hellip;
DRP &amp;hellip;
Link to others RA &amp;hellip;</description>
    </item>
    
    <item>
      <title>Implementation : HAProxy</title>
      <link>/contentdelivery/3-implementation/implementationhaproxy/</link>
      <pubDate>Sun, 25 Mar 2018 22:00:45 +0200</pubDate>
      
      <guid>/contentdelivery/3-implementation/implementationhaproxy/</guid>
      <description>Installation &amp;hellip;
Configuration Run &amp;hellip;
Links &amp;hellip;</description>
    </item>
    
    <item>
      <title>Implementation : Nats Streaming</title>
      <link>/contentdelivery/3-implementation/implementationnatsstreaming/</link>
      <pubDate>Sun, 25 Mar 2018 22:00:45 +0200</pubDate>
      
      <guid>/contentdelivery/3-implementation/implementationnatsstreaming/</guid>
      <description>Installation &amp;hellip;
Configuration Run &amp;hellip;
Links &amp;hellip;</description>
    </item>
    
    <item>
      <title>Implementation : kong</title>
      <link>/contentdelivery/3-implementation/implementationkong/</link>
      <pubDate>Sun, 25 Mar 2018 22:00:45 +0200</pubDate>
      
      <guid>/contentdelivery/3-implementation/implementationkong/</guid>
      <description>Installation &amp;hellip;
Configuration Run &amp;hellip;
Links &amp;hellip;</description>
    </item>
    
    <item>
      <title>Implementation : Hadoop</title>
      <link>/storage/3-implementation/implementationhadoop/</link>
      <pubDate>Sun, 25 Mar 2018 22:00:37 +0200</pubDate>
      
      <guid>/storage/3-implementation/implementationhadoop/</guid>
      <description>Installation &amp;hellip;
Configuration Run &amp;hellip;
Links &amp;hellip;</description>
    </item>
    
    <item>
      <title>Implementation : VEAM</title>
      <link>/storage/3-implementation/implementationveam/</link>
      <pubDate>Sun, 25 Mar 2018 22:00:37 +0200</pubDate>
      
      <guid>/storage/3-implementation/implementationveam/</guid>
      <description>Installation &amp;hellip;
Configuration Run &amp;hellip;
Links &amp;hellip;</description>
    </item>
    
    <item>
      <title>Implementation : minio</title>
      <link>/storage/3-implementation/implementationminio/</link>
      <pubDate>Sun, 25 Mar 2018 22:00:37 +0200</pubDate>
      
      <guid>/storage/3-implementation/implementationminio/</guid>
      <description>Installation &amp;hellip;
Configuration Run &amp;hellip;
Links &amp;hellip;</description>
    </item>
    
    <item>
      <title>Design : S3</title>
      <link>/storage/2-design/designs3/</link>
      <pubDate>Sun, 25 Mar 2018 22:00:36 +0200</pubDate>
      
      <guid>/storage/2-design/designs3/</guid>
      <description>Lifecycle &amp;hellip;
Continuity of operations &amp;hellip;.
Data exchange &amp;hellip;
Roles &amp;hellip;
Constraints &amp;hellip;
Sizing &amp;hellip;</description>
    </item>
    
    <item>
      <title>Design : S3</title>
      <link>/storage/2-design/designbackup/</link>
      <pubDate>Sun, 25 Mar 2018 22:00:36 +0200</pubDate>
      
      <guid>/storage/2-design/designbackup/</guid>
      <description>Lifecycle &amp;hellip;
Continuity of operations &amp;hellip;.
Data exchange &amp;hellip;
Roles &amp;hellip;
Constraints &amp;hellip;
Sizing &amp;hellip;</description>
    </item>
    
    <item>
      <title>Design : SAN</title>
      <link>/storage/2-design/designsan/</link>
      <pubDate>Sun, 25 Mar 2018 22:00:36 +0200</pubDate>
      
      <guid>/storage/2-design/designsan/</guid>
      <description>Lifecycle &amp;hellip;
Continuity of operations &amp;hellip;.
Data exchange &amp;hellip;
Roles &amp;hellip;
Constraints &amp;hellip;
Sizing &amp;hellip;</description>
    </item>
    
    <item>
      <title>RA : storage</title>
      <link>/storage/1-architecture/ararchiving/</link>
      <pubDate>Sun, 25 Mar 2018 22:00:36 +0200</pubDate>
      
      <guid>/storage/1-architecture/ararchiving/</guid>
      <description>Use cases &amp;hellip;
Requirements &amp;hellip;
Interfaces/ interconnections &amp;hellip;
Data &amp;hellip;
Security &amp;hellip;
DRP &amp;hellip;
Link to others RA &amp;hellip;</description>
    </item>
    
    <item>
      <title>RA : storage</title>
      <link>/storage/1-architecture/arbackup/</link>
      <pubDate>Sun, 25 Mar 2018 22:00:36 +0200</pubDate>
      
      <guid>/storage/1-architecture/arbackup/</guid>
      <description>Use cases &amp;hellip;
Requirements &amp;hellip;
Interfaces/ interconnections &amp;hellip;
Data &amp;hellip;
Security &amp;hellip;
DRP &amp;hellip;
Link to others RA &amp;hellip;</description>
    </item>
    
    <item>
      <title>RA : storage</title>
      <link>/storage/1-architecture/arstorage/</link>
      <pubDate>Sun, 25 Mar 2018 22:00:36 +0200</pubDate>
      
      <guid>/storage/1-architecture/arstorage/</guid>
      <description>Use cases &amp;hellip;
Requirements &amp;hellip;
Interfaces/ interconnections &amp;hellip;
Data &amp;hellip;
Security &amp;hellip;
DRP &amp;hellip;
Link to others RA &amp;hellip;</description>
    </item>
    
    <item>
      <title>Design : ...</title>
      <link>/developertools/2-design/designscm/</link>
      <pubDate>Sun, 25 Mar 2018 22:00:16 +0200</pubDate>
      
      <guid>/developertools/2-design/designscm/</guid>
      <description>Lifecycle &amp;hellip;
Continuity of operations &amp;hellip;.
Data exchange &amp;hellip;
Roles &amp;hellip;
Constraints &amp;hellip;
Sizing &amp;hellip;</description>
    </item>
    
    <item>
      <title>Design : Software factory</title>
      <link>/developertools/2-design/designci/</link>
      <pubDate>Sun, 25 Mar 2018 22:00:16 +0200</pubDate>
      
      <guid>/developertools/2-design/designci/</guid>
      <description>Lifecycle &amp;hellip;
Continuity of operations &amp;hellip;.
Data exchange &amp;hellip;
Roles &amp;hellip;
Constraints &amp;hellip;
Sizing &amp;hellip;</description>
    </item>
    
    <item>
      <title>Implementation : GIT-CI</title>
      <link>/developertools/3-implementation/implementationgitci/</link>
      <pubDate>Sun, 25 Mar 2018 22:00:16 +0200</pubDate>
      
      <guid>/developertools/3-implementation/implementationgitci/</guid>
      <description>Installation &amp;hellip;
Configuration Run &amp;hellip;
Links &amp;hellip;</description>
    </item>
    
    <item>
      <title>Design : Registry</title>
      <link>/developertools/2-design/designregistry/</link>
      <pubDate>Sun, 25 Mar 2018 21:59:33 +0200</pubDate>
      
      <guid>/developertools/2-design/designregistry/</guid>
      <description>Lifecycle &amp;hellip;
Continuity of operations &amp;hellip;.
Data exchange &amp;hellip;
Roles &amp;hellip;
Constraints &amp;hellip;
Sizing &amp;hellip;</description>
    </item>
    
    <item>
      <title>Implementation : ...</title>
      <link>/developertools/3-implementation/implementationjira/</link>
      <pubDate>Sun, 25 Mar 2018 21:59:33 +0200</pubDate>
      
      <guid>/developertools/3-implementation/implementationjira/</guid>
      <description>Installation &amp;hellip;
Configuration Run &amp;hellip;
Links &amp;hellip;</description>
    </item>
    
    <item>
      <title>RA : ...</title>
      <link>/developertools/1-architecture/ardevelopertools/</link>
      <pubDate>Sun, 25 Mar 2018 21:59:33 +0200</pubDate>
      
      <guid>/developertools/1-architecture/ardevelopertools/</guid>
      <description>Use cases &amp;hellip;
Requirements &amp;hellip;
Interfaces/ interconnections &amp;hellip;
Data &amp;hellip;
Security &amp;hellip;
DRP &amp;hellip;
Link to others RA &amp;hellip;</description>
    </item>
    
    <item>
      <title>Design : ...</title>
      <link>/databases/2-design/designexample/</link>
      <pubDate>Sun, 25 Mar 2018 21:55:27 +0200</pubDate>
      
      <guid>/databases/2-design/designexample/</guid>
      <description>Lifecycle &amp;hellip;
Continuity of operations &amp;hellip;.
Data exchange &amp;hellip;
Roles &amp;hellip;
Constraints &amp;hellip;
Sizing &amp;hellip;</description>
    </item>
    
    <item>
      <title>Implementation : couchbase</title>
      <link>/databases/3-implementation/implementationcouchbase/</link>
      <pubDate>Sun, 25 Mar 2018 21:55:27 +0200</pubDate>
      
      <guid>/databases/3-implementation/implementationcouchbase/</guid>
      <description>Installation &amp;hellip;
Configuration Run &amp;hellip;
Links &amp;hellip;</description>
    </item>
    
    <item>
      <title>Implementation : elasticsearch</title>
      <link>/databases/3-implementation/implementationelasticsearch/</link>
      <pubDate>Sun, 25 Mar 2018 21:55:27 +0200</pubDate>
      
      <guid>/databases/3-implementation/implementationelasticsearch/</guid>
      <description>Installation &amp;hellip;
Configuration Run &amp;hellip;
Links &amp;hellip;</description>
    </item>
    
    <item>
      <title>RA : ...</title>
      <link>/databases/1-architecture/arnosql/</link>
      <pubDate>Sun, 25 Mar 2018 21:55:27 +0200</pubDate>
      
      <guid>/databases/1-architecture/arnosql/</guid>
      <description>Use cases &amp;hellip;
Requirements &amp;hellip;
Interfaces/ interconnections &amp;hellip;
Data &amp;hellip;
Security &amp;hellip;
DRP &amp;hellip;
Link to others RA &amp;hellip;</description>
    </item>
    
    <item>
      <title>RA : database</title>
      <link>/databases/1-architecture/arcache/</link>
      <pubDate>Sun, 25 Mar 2018 21:55:27 +0200</pubDate>
      
      <guid>/databases/1-architecture/arcache/</guid>
      <description>Use cases &amp;hellip;
Requirements &amp;hellip;
Interfaces/ interconnections &amp;hellip;
Data &amp;hellip;
Security &amp;hellip;
DRP &amp;hellip;
Link to others RA &amp;hellip;</description>
    </item>
    
    <item>
      <title>RA : database</title>
      <link>/databases/1-architecture/arindexation/</link>
      <pubDate>Sun, 25 Mar 2018 21:55:27 +0200</pubDate>
      
      <guid>/databases/1-architecture/arindexation/</guid>
      <description>Use cases &amp;hellip;
Requirements &amp;hellip;
Interfaces/ interconnections &amp;hellip;
Data &amp;hellip;
Security &amp;hellip;
DRP &amp;hellip;
Link to others RA &amp;hellip;</description>
    </item>
    
    <item>
      <title>Implementation : ansible</title>
      <link>/managementtools/3-implementation/implementationansible/</link>
      <pubDate>Sun, 25 Mar 2018 21:54:31 +0200</pubDate>
      
      <guid>/managementtools/3-implementation/implementationansible/</guid>
      <description>Installation &amp;hellip;
Configuration Run &amp;hellip;
Links &amp;hellip;</description>
    </item>
    
    <item>
      <title>Design : logs applicatifs</title>
      <link>/managementtools/2-design/designlogapplicatifs/</link>
      <pubDate>Sun, 25 Mar 2018 21:49:55 +0200</pubDate>
      
      <guid>/managementtools/2-design/designlogapplicatifs/</guid>
      <description>Lifecycle &amp;hellip;
Continuity of operations &amp;hellip;.
Data exchange &amp;hellip;
Roles &amp;hellip;
Constraints &amp;hellip;
Sizing &amp;hellip;</description>
    </item>
    
    <item>
      <title>Design : security logs</title>
      <link>/managementtools/2-design/designlogsecurity/</link>
      <pubDate>Sun, 25 Mar 2018 21:49:55 +0200</pubDate>
      
      <guid>/managementtools/2-design/designlogsecurity/</guid>
      <description>Lifecycle &amp;hellip;
Continuity of operations &amp;hellip;.
Data exchange &amp;hellip;
Roles &amp;hellip;
Constraints &amp;hellip;
Sizing &amp;hellip;</description>
    </item>
    
    <item>
      <title>RA : Logs</title>
      <link>/managementtools/1-architecture/arlogs/</link>
      <pubDate>Sun, 25 Mar 2018 21:49:55 +0200</pubDate>
      
      <guid>/managementtools/1-architecture/arlogs/</guid>
      <description>Use cases &amp;hellip;
Requirements &amp;hellip;
Interfaces/ interconnections &amp;hellip;
Data &amp;hellip;
Security &amp;hellip;
DRP &amp;hellip;
Link to others RA &amp;hellip;</description>
    </item>
    
    <item>
      <title>Architecture Metrics Collector</title>
      <link>/managementtools/1-architecture/armetrics/</link>
      <pubDate>Fri, 23 Mar 2018 00:00:00 +0000</pubDate>
      
      <guid>/managementtools/1-architecture/armetrics/</guid>
      <description>Use cases Monitor infrastructure systems. Monitor services.
Requirements What would you like to monitor ?
 Application  Available (up, down) Response time (x ms)   For application, it&amp;rsquo;s preferable to use a Business Application Monitoring based on Opentracing.
  OS from Physical, VM, Docker  Load Disk Network Up and Down   Who need of this metrics ?
 Alert application Graph application  Interfaces/ interconnections  Possible to export data with API.</description>
    </item>
    
    <item>
      <title>Architecture Alert</title>
      <link>/managementtools/1-architecture/aralert/</link>
      <pubDate>Fri, 23 Mar 2018 00:00:00 +0000</pubDate>
      
      <guid>/managementtools/1-architecture/aralert/</guid>
      <description>Use cases Send alert when treeshold of metrics.
Requirements Each time that there is a problem (treeshold), one alarm is generated.
 Send a email to one mailbox Admin Display alarm on one page for everybody  Type alert:
 mail webhook  Interfaces/ interconnections Possible to send mail. Possible to call webhok.
Data Is necessary to save each alarm for example save mail from the mailbox.
Security No security, alarm are open for every body.</description>
    </item>
    
    <item>
      <title>Architecture Graph</title>
      <link>/managementtools/1-architecture/argraph/</link>
      <pubDate>Fri, 23 Mar 2018 00:00:00 +0000</pubDate>
      
      <guid>/managementtools/1-architecture/argraph/</guid>
      <description> Use cases Display metrics.
Requirements Graph is only when there is a problem. Nobody have to look graph.
Interfaces/ interconnections Data From the retention of metrics.
Security No security to read graph, opent to everybody. Security to modify graph.
DRP Mean time to recovery (MTTR) : 1 hour
Link to others RA </description>
    </item>
    
    <item>
      <title>Design Metrics Collector</title>
      <link>/managementtools/2-design/designmetrics/</link>
      <pubDate>Fri, 23 Mar 2018 00:00:00 +0000</pubDate>
      
      <guid>/managementtools/2-design/designmetrics/</guid>
      <description>  Prometheus Influxdb  Lifecycle Update each month.
Continuity of operations Data exchange Import data from /metrics
Roles  admin : add new connector all : consult data  Constraints Sizing </description>
    </item>
    
    <item>
      <title>Design Alert</title>
      <link>/managementtools/2-design/designalert/</link>
      <pubDate>Fri, 23 Mar 2018 00:00:00 +0000</pubDate>
      
      <guid>/managementtools/2-design/designalert/</guid>
      <description> Choice possible :
 Alertmanager from Prometheus. Alert from Grapha. Kapacitor from InfluxDat  Alertmanager Execute alertmanager in Docker. One instance is enough.
Update version Update each month.
Test  time to restart the service : time to restart the container time to reinstall the service : time to clone the git, et restart the container test alert Email test the webhook  </description>
    </item>
    
    <item>
      <title>Design Graph</title>
      <link>/managementtools/2-design/designgraph/</link>
      <pubDate>Fri, 23 Mar 2018 00:00:00 +0000</pubDate>
      
      <guid>/managementtools/2-design/designgraph/</guid>
      <description>Graph Graph is only when there is a problem. Nobody have to look graph.
Data From the retention of metrics.
Security No security, graph are open for everybody.</description>
    </item>
    
    <item>
      <title>Implementation Prometheus</title>
      <link>/managementtools/3-implementation/prometheus/</link>
      <pubDate>Fri, 23 Mar 2018 00:00:00 +0000</pubDate>
      
      <guid>/managementtools/3-implementation/prometheus/</guid>
      <description> Prometheus : Time Series Database Centralisation des metrics dans une time serie database :
 machine viruelle ou physique container docker FN server  Lien prometheus Prometheus
Lien cadvisor Cadvisor 
Lien Node exporter Node exporter 
Run /opt/docker-prometheus/menu.sh  build deploy  </description>
    </item>
    
    <item>
      <title>Implementation Cadvisor</title>
      <link>/managementtools/3-implementation/cadvisor/</link>
      <pubDate>Fri, 23 Mar 2018 00:00:00 +0000</pubDate>
      
      <guid>/managementtools/3-implementation/cadvisor/</guid>
      <description> Récolte les métriques des containeurs.
Lien Portainer Cadvisor 
Run / Github  Github
git clone https://github.com/patrickalin/docker-cadvisor.gitcd /opt/docker-cadvisor/menu.sh  build deploy  Image google/cadvisor
 Insert localtime pour avoir le container avec la bonne date L&amp;rsquo;authentification est déjà dans l&amp;rsquo;application : par l&amp;rsquo;entrypoint et le fichier htpasswd Le healtcheck fonctionne  Docker-compose  /:/rootfs:ro /var/run:/var/run:rw /sys:/sys:ro /var/lib/docker/:/var/lib/docker:ro /dev/disk/:/dev/disk:ro  </description>
    </item>
    
    <item>
      <title>Implementation Grafana</title>
      <link>/managementtools/3-implementation/grafana/</link>
      <pubDate>Fri, 23 Mar 2018 00:00:00 +0000</pubDate>
      
      <guid>/managementtools/3-implementation/grafana/</guid>
      <description>Lien grafana Grafana 
Grafana : Visualisation TSDB count(rate(container_last_seen{name=~&amp;#34;.</description>
    </item>
    
    <item>
      <title>Implementation Alert</title>
      <link>/managementtools/3-implementation/alert/</link>
      <pubDate>Fri, 23 Mar 2018 00:00:00 +0000</pubDate>
      
      <guid>/managementtools/3-implementation/alert/</guid>
      <description> Alertmanager / blackbox  Alerting  Lien alertmanager Alertmanager 
Lien blackbox Blackbox 
Run cd /opt/docker-prometheus/menu.sh  build deploy  </description>
    </item>
    
    <item>
      <title></title>
      <link>/_footer/</link>
      <pubDate>Mon, 01 Jan 0001 00:00:00 +0000</pubDate>
      
      <guid>/_footer/</guid>
      <description>Patrick Alin</description>
    </item>
    
    <item>
      <title></title>
      <link>/developertools/3-implementation/implementationgit/</link>
      <pubDate>Mon, 01 Jan 0001 00:00:00 +0000</pubDate>
      
      <guid>/developertools/3-implementation/implementationgit/</guid>
      <description>title: &amp;ldquo;Implementation : GIT&amp;rdquo; description: &amp;ldquo;Implementation : GIT&amp;rdquo; tags: [ &amp;ldquo;Implementation&amp;rdquo;, &amp;ldquo;GIT&amp;rdquo; ] date: 2018-03-25T22:00:16+02:00
weight: 1 Installation &amp;hellip;
Configuration git rm &amp;ndash;cached config.yaml
Run &amp;hellip;
Links &amp;hellip;</description>
    </item>
    
    <item>
      <title></title>
      <link>/storage/2-design/designsftp/</link>
      <pubDate>Mon, 01 Jan 0001 00:00:00 +0000</pubDate>
      
      <guid>/storage/2-design/designsftp/</guid>
      <description>title: &amp;ldquo;Design : SFTP&amp;rdquo; description: &amp;ldquo;Design : SFTP&amp;rdquo; tags: [ &amp;ldquo;Design&amp;rdquo;, &amp;ldquo;SFTP&amp;rdquo; ] date: 2018-03-25T22:00:36+02:00
weight: 1 Lifecycle &amp;hellip;
Continuity of operations &amp;hellip;.
Data exchange &amp;hellip;
Roles &amp;hellip;
Constraints &amp;hellip;
Sizing &amp;hellip;</description>
    </item>
    
    <item>
      <title>Credits</title>
      <link>/credits/</link>
      <pubDate>Mon, 01 Jan 0001 00:00:00 +0000</pubDate>
      
      <guid>/credits/</guid>
      <description>Other contribution  @patrickalin   Site Web Patrick Alin</description>
    </item>
    
  </channel>
</rss>