<?xml version="1.0" encoding="utf-8" standalone="yes" ?>
<rss version="2.0" xmlns:atom="http://www.w3.org/2005/Atom">
  <channel>
    <title>Hugo on Patrick Alin Site</title>
    <link>/tags/hugo/</link>
    <description>Recent content in Hugo on Patrick Alin Site</description>
    <generator>Hugo -- gohugo.io</generator>
    <language>en-us</language>
    <lastBuildDate>Sun, 25 Mar 2018 22:02:47 +0200</lastBuildDate>
    
	<atom:link href="/tags/hugo/index.xml" rel="self" type="application/rss+xml" />
    
    
    <item>
      <title>Design : Static Web Generator</title>
      <link>/software/2-design/designstaticwebgenerator/</link>
      <pubDate>Sun, 25 Mar 2018 22:02:47 +0200</pubDate>
      
      <guid>/software/2-design/designstaticwebgenerator/</guid>
      <description>Lifecycle &amp;hellip;
Continuity of operations &amp;hellip;.
Data exchange &amp;hellip;
Roles &amp;hellip;
Constraints &amp;hellip;
Sizing &amp;hellip;</description>
    </item>
    
    <item>
      <title>Implementation : Hugo</title>
      <link>/software/3-implementation/implementationhugo/</link>
      <pubDate>Sun, 25 Mar 2018 22:02:47 +0200</pubDate>
      
      <guid>/software/3-implementation/implementationhugo/</guid>
      <description>Installation &amp;hellip;
Configuration Run &amp;hellip;
Links &amp;hellip;</description>
    </item>
    
  </channel>
</rss>