<?xml version="1.0" encoding="utf-8" standalone="yes" ?>
<rss version="2.0" xmlns:atom="http://www.w3.org/2005/Atom">
  <channel>
    <title>2-Design : office on Patrick Alin Site</title>
    <link>/office/2-design/</link>
    <description>Recent content in 2-Design : office on Patrick Alin Site</description>
    <generator>Hugo -- gohugo.io</generator>
    <language>en-us</language>
    <lastBuildDate>Sun, 25 Mar 2018 22:21:49 +0200</lastBuildDate>
    
	<atom:link href="/office/2-design/index.xml" rel="self" type="application/rss+xml" />
    
    
    <item>
      <title>Design : ...</title>
      <link>/office/2-design/designdirectory/</link>
      <pubDate>Sun, 25 Mar 2018 22:21:50 +0200</pubDate>
      
      <guid>/office/2-design/designdirectory/</guid>
      <description>Lifecycle &amp;hellip;
Continuity of operations &amp;hellip;.
Data exchange &amp;hellip;
Roles &amp;hellip;
Constraints &amp;hellip;
Sizing &amp;hellip;
OpenLDAP Microsoft Active Directory</description>
    </item>
    
    <item>
      <title>Design : ...</title>
      <link>/office/2-design/designfileserver/</link>
      <pubDate>Sun, 25 Mar 2018 22:21:50 +0200</pubDate>
      
      <guid>/office/2-design/designfileserver/</guid>
      <description>Lifecycle &amp;hellip;
Continuity of operations &amp;hellip;.
Data exchange &amp;hellip;
Roles &amp;hellip;
Constraints &amp;hellip;
Sizing &amp;hellip;</description>
    </item>
    
    <item>
      <title>Design : ...</title>
      <link>/office/2-design/designmail/</link>
      <pubDate>Sun, 25 Mar 2018 22:21:50 +0200</pubDate>
      
      <guid>/office/2-design/designmail/</guid>
      <description>Lifecycle &amp;hellip;
Continuity of operations &amp;hellip;.
Data exchange &amp;hellip;
Roles &amp;hellip;
Constraints &amp;hellip;
Sizing &amp;hellip;</description>
    </item>
    
    <item>
      <title>Design : ...</title>
      <link>/office/2-design/designprintserver/</link>
      <pubDate>Sun, 25 Mar 2018 22:21:50 +0200</pubDate>
      
      <guid>/office/2-design/designprintserver/</guid>
      <description>Lifecycle &amp;hellip;
Continuity of operations &amp;hellip;.
Data exchange &amp;hellip;
Roles &amp;hellip;
Constraints &amp;hellip;
Sizing &amp;hellip;</description>
    </item>
    
    <item>
      <title>Design : ...</title>
      <link>/office/2-design/designvoip/</link>
      <pubDate>Sun, 25 Mar 2018 22:21:50 +0200</pubDate>
      
      <guid>/office/2-design/designvoip/</guid>
      <description>Lifecycle &amp;hellip;
Continuity of operations &amp;hellip;.
Data exchange &amp;hellip;
Roles &amp;hellip;
Constraints &amp;hellip;
Sizing &amp;hellip;</description>
    </item>
    
  </channel>
</rss>