<?xml version="1.0" encoding="utf-8" standalone="yes" ?>
<rss version="2.0" xmlns:atom="http://www.w3.org/2005/Atom">
  <channel>
    <title>Cache on Patrick Alin Site</title>
    <link>/tags/cache/</link>
    <description>Recent content in Cache on Patrick Alin Site</description>
    <generator>Hugo -- gohugo.io</generator>
    <language>en-us</language>
    <lastBuildDate>Sun, 25 Mar 2018 21:55:27 +0200</lastBuildDate>
    
	<atom:link href="/tags/cache/index.xml" rel="self" type="application/rss+xml" />
    
    
    <item>
      <title>RA : database</title>
      <link>/databases/1-architecture/arcache/</link>
      <pubDate>Sun, 25 Mar 2018 21:55:27 +0200</pubDate>
      
      <guid>/databases/1-architecture/arcache/</guid>
      <description>Use cases &amp;hellip;
Requirements &amp;hellip;
Interfaces/ interconnections &amp;hellip;
Data &amp;hellip;
Security &amp;hellip;
DRP &amp;hellip;
Link to others RA &amp;hellip;</description>
    </item>
    
    <item>
      <title>RA : database</title>
      <link>/databases/1-architecture/arindexation/</link>
      <pubDate>Sun, 25 Mar 2018 21:55:27 +0200</pubDate>
      
      <guid>/databases/1-architecture/arindexation/</guid>
      <description>Use cases &amp;hellip;
Requirements &amp;hellip;
Interfaces/ interconnections &amp;hellip;
Data &amp;hellip;
Security &amp;hellip;
DRP &amp;hellip;
Link to others RA &amp;hellip;</description>
    </item>
    
  </channel>
</rss>