<?xml version="1.0" encoding="utf-8" standalone="yes" ?>
<rss version="2.0" xmlns:atom="http://www.w3.org/2005/Atom">
  <channel>
    <title>Api Manager on Patrick Alin Site</title>
    <link>/tags/api-manager/</link>
    <description>Recent content in Api Manager on Patrick Alin Site</description>
    <generator>Hugo -- gohugo.io</generator>
    <language>en-us</language>
    <lastBuildDate>Sun, 25 Mar 2018 22:36:53 +0200</lastBuildDate>
    
	<atom:link href="/tags/api-manager/index.xml" rel="self" type="application/rss+xml" />
    
    
    <item>
      <title>Design : API Manager</title>
      <link>/contentdelivery/2-design/designapimanager/</link>
      <pubDate>Sun, 25 Mar 2018 22:36:53 +0200</pubDate>
      
      <guid>/contentdelivery/2-design/designapimanager/</guid>
      <description>Lifecycle &amp;hellip;
Continuity of operations &amp;hellip;.
Data exchange &amp;hellip;
Roles &amp;hellip;
Constraints &amp;hellip;
Sizing &amp;hellip;</description>
    </item>
    
  </channel>
</rss>