<?xml version="1.0" encoding="utf-8" standalone="yes" ?>
<rss version="2.0" xmlns:atom="http://www.w3.org/2005/Atom">
  <channel>
    <title>Git on Patrick Alin Site</title>
    <link>/tags/git/</link>
    <description>Recent content in Git on Patrick Alin Site</description>
    <generator>Hugo -- gohugo.io</generator>
    <language>en-us</language>
    <lastBuildDate>Sun, 25 Mar 2018 21:59:33 +0200</lastBuildDate>
    
	<atom:link href="/tags/git/index.xml" rel="self" type="application/rss+xml" />
    
    
    <item>
      <title>3-Implementation : Developer tools</title>
      <link>/developertools/3-implementation/</link>
      <pubDate>Sun, 25 Mar 2018 21:59:33 +0200</pubDate>
      
      <guid>/developertools/3-implementation/</guid>
      <description>  Implementation : GIT-CI Implementation : GIT-CI
  Implementation : ... Implementation : ...
   title: &amp;ldquo;Implementation : GIT&amp;rdquo; description: &amp;ldquo;Implementation : GIT&amp;rdquo; tags: [ &amp;ldquo;Implementation&amp;rdquo;, &amp;ldquo;GIT&amp;rdquo; ] date: 2018-03-25T22:00:16+02:00 weight: 1 Installation &amp;hellip; Configuration git rm &amp;ndash;cached config.yaml Run &amp;hellip; Links &amp;hellip;
  </description>
    </item>
    
  </channel>
</rss>