<?xml version="1.0" encoding="utf-8" standalone="yes" ?>
<rss version="2.0" xmlns:atom="http://www.w3.org/2005/Atom">
  <channel>
    <title>2-Design : network on Patrick Alin Site</title>
    <link>/network/2-design/</link>
    <description>Recent content in 2-Design : network on Patrick Alin Site</description>
    <generator>Hugo -- gohugo.io</generator>
    <language>en-us</language>
    <lastBuildDate>Sun, 25 Mar 2018 22:33:21 +0200</lastBuildDate>
    
	<atom:link href="/network/2-design/index.xml" rel="self" type="application/rss+xml" />
    
    
    <item>
      <title>Design : DNS</title>
      <link>/network/2-design/designdns/</link>
      <pubDate>Sun, 25 Mar 2018 22:33:22 +0200</pubDate>
      
      <guid>/network/2-design/designdns/</guid>
      <description>Lifecycle &amp;hellip;
Continuity of operations &amp;hellip;.
Data exchange &amp;hellip;
Roles &amp;hellip;
Constraints &amp;hellip;
Sizing &amp;hellip;</description>
    </item>
    
    <item>
      <title>Design : Load Balancer</title>
      <link>/network/2-design/designloadbalancer/</link>
      <pubDate>Sun, 25 Mar 2018 22:33:22 +0200</pubDate>
      
      <guid>/network/2-design/designloadbalancer/</guid>
      <description>Lifecycle &amp;hellip;
Continuity of operations &amp;hellip;.
Data exchange &amp;hellip;
Roles &amp;hellip;
Constraints &amp;hellip;
Sizing &amp;hellip;</description>
    </item>
    
    <item>
      <title>Design : Proxy</title>
      <link>/network/2-design/designproxy/</link>
      <pubDate>Sun, 25 Mar 2018 22:33:22 +0200</pubDate>
      
      <guid>/network/2-design/designproxy/</guid>
      <description>Lifecycle &amp;hellip;
Continuity of operations &amp;hellip;.
Data exchange &amp;hellip;
Roles &amp;hellip;
Constraints &amp;hellip;
Sizing &amp;hellip;</description>
    </item>
    
    <item>
      <title>Design : Trafic Manager</title>
      <link>/network/2-design/designtraficmanager/</link>
      <pubDate>Sun, 25 Mar 2018 22:33:22 +0200</pubDate>
      
      <guid>/network/2-design/designtraficmanager/</guid>
      <description>Lifecycle &amp;hellip;
Continuity of operations &amp;hellip;.
Data exchange &amp;hellip;
Roles &amp;hellip;
Constraints &amp;hellip;
Sizing &amp;hellip;</description>
    </item>
    
    <item>
      <title>Design : VPN.</title>
      <link>/network/2-design/designvpn/</link>
      <pubDate>Sun, 25 Mar 2018 22:33:22 +0200</pubDate>
      
      <guid>/network/2-design/designvpn/</guid>
      <description>Lifecycle &amp;hellip;
Continuity of operations &amp;hellip;.
Data exchange &amp;hellip;
Roles &amp;hellip;
Constraints &amp;hellip;
Sizing &amp;hellip;</description>
    </item>
    
  </channel>
</rss>