[
{
	"uri": "/security/3-implementation/implementationfirewall/",
	"title": "Implementation : iptable",
	"tags": ["Implementation", "iptable", "firewall"],
	"description": "Implementation : Iptable",
	"content": " Installation \u0026hellip;\nConfiguration Run \u0026hellip;\nLinks \u0026hellip;\n"
},
{
	"uri": "/security/2-design/designcertificat/",
	"title": "Design : Certificat",
	"tags": ["Design", "Certificat"],
	"description": "Design : Certificat",
	"content": " Lifecycle \u0026hellip;\nContinuity of operations \u0026hellip;.\nData exchange \u0026hellip;\nRoles \u0026hellip;\nConstraints \u0026hellip;\nSizing \u0026hellip;\n"
},
{
	"uri": "/security/2-design/designhsm/",
	"title": "Design : HSM",
	"tags": ["Design", "HSM"],
	"description": "Design : HSM",
	"content": " Lifecycle \u0026hellip;\nContinuity of operations \u0026hellip;.\nData exchange \u0026hellip;\nRoles \u0026hellip;\nConstraints \u0026hellip;\nSizing \u0026hellip;\n"
},
{
	"uri": "/security/1-architecture/arautenticate/",
	"title": "RA : Authenticate",
	"tags": ["RA", "authenticate"],
	"description": "Reference Architecture : Authenticate",
	"content": " Use cases \u0026hellip;\nRequirements \u0026hellip;\nInterfaces/ interconnections \u0026hellip;\nData \u0026hellip;\nSecurity \u0026hellip;\nDRP \u0026hellip;\nLink to others RA \u0026hellip;\n"
},
{
	"uri": "/security/1-architecture/arcertificats/",
	"title": "RA : Certificats",
	"tags": ["RA", "certificats"],
	"description": "Reference Architecture : Certificat",
	"content": " Use cases \u0026hellip;\nRequirements \u0026hellip;\nInterfaces/ interconnections \u0026hellip;\nData \u0026hellip;\nSecurity \u0026hellip;\nDRP \u0026hellip;\nLink to others RA \u0026hellip;\n"
},
{
	"uri": "/security/1-architecture/arcrypto/",
	"title": "RA : Crypto",
	"tags": ["RA", "crypto"],
	"description": "Reference Architecture : Crypto",
	"content": " Use cases \u0026hellip;\nRequirements \u0026hellip;\nInterfaces/ interconnections \u0026hellip;\nData \u0026hellip;\nSecurity \u0026hellip;\nDRP \u0026hellip;\nLink to others RA \u0026hellip;\n"
},
{
	"uri": "/security/1-architecture/arvault/",
	"title": "RA : Vault",
	"tags": ["RA", "vault"],
	"description": "Reference Architecture : Vault",
	"content": " Use cases \u0026hellip;\nRequirements \u0026hellip;\nInterfaces/ interconnections \u0026hellip;\nData \u0026hellip;\nSecurity \u0026hellip;\nDRP \u0026hellip;\nLink to others RA \u0026hellip;\n"
},
{
	"uri": "/security/1-architecture/arfirewall/",
	"title": "RA : firewall",
	"tags": ["RA", "firewall"],
	"description": "Reference Architecture : firewall",
	"content": " Use cases \u0026hellip;\nRequirements \u0026hellip;\nInterfaces/ interconnections \u0026hellip;\nData \u0026hellip;\nSecurity \u0026hellip;\nDRP \u0026hellip;\nLink to others RA \u0026hellip;\n"
},
{
	"uri": "/security/",
	"title": "Security",
	"tags": ["Security"],
	"description": "Authenticate, Certificats, Crypto, Firewall, Vault",
	"content": "  1-RA : Security Reference Architecture : Authenticate, Crypto, Firewall, Vault\n  2-Design : security Design : HSM\n  3-Implementation : security Implementation : iptable, vaultDB\n  "
},
{
	"uri": "/analytics/2-design/designbigdata/",
	"title": "Design : Bigdata",
	"tags": ["Design", "Bigdata"],
	"description": "Bigdata",
	"content": " Lifecycle \u0026hellip;\nContinuity of operations \u0026hellip;.\nData exchange \u0026hellip;\nRoles \u0026hellip;\nConstraints \u0026hellip;\nSizing \u0026hellip;\n"
},
{
	"uri": "/analytics/2-design/designetl/",
	"title": "Design : ETL",
	"tags": ["Design", "ETL"],
	"description": "ETL",
	"content": " Lifecycle \u0026hellip;\nContinuity of operations \u0026hellip;.\nData exchange \u0026hellip;\nRoles \u0026hellip;\nConstraints \u0026hellip;\nSizing \u0026hellip;\n"
},
{
	"uri": "/analytics/2-design/designopentracing/",
	"title": "Design : OpenTracing",
	"tags": ["Design", "BAM"],
	"description": "OpenTracing",
	"content": " Lifecycle \u0026hellip;\nContinuity of operations \u0026hellip;.\nData exchange \u0026hellip;\nRoles \u0026hellip;\nConstraints \u0026hellip;\nSizing \u0026hellip;\n"
},
{
	"uri": "/analytics/3-implementation/implementationhadoop/",
	"title": "Implementation : Hadoop",
	"tags": ["Implementation", "Hadoop"],
	"description": "Implementation : Hadoop",
	"content": " Installation \u0026hellip;\nConfiguration Run \u0026hellip;\nLinks \u0026hellip;\n"
},
{
	"uri": "/analytics/3-implementation/implementationkibana/",
	"title": "Implementation : Kibana",
	"tags": ["Implementation", "kibana"],
	"description": "Implementation : Kibana",
	"content": " Installation \u0026hellip;\nConfiguration Run \u0026hellip;\nLinks \u0026hellip;\n"
},
{
	"uri": "/analytics/1-architecture/arai/",
	"title": "RA : AI",
	"tags": ["RA", "analystics", "AI"],
	"description": "Reference Architecture : AI",
	"content": " Use cases \u0026hellip;\nRequirements \u0026hellip;\nInterfaces/ interconnections \u0026hellip;\nData \u0026hellip;\nSecurity \u0026hellip;\nDRP \u0026hellip;\nLink to others RA \u0026hellip;\n"
},
{
	"uri": "/analytics/1-architecture/aranalytics/",
	"title": "RA : Analytics",
	"tags": ["RA", "analytics"],
	"description": "Reference Architecture : Analytics",
	"content": " Use cases \u0026hellip;\nRequirements \u0026hellip;\nInterfaces/ interconnections \u0026hellip;\nData \u0026hellip;\nSecurity \u0026hellip;\nDRP \u0026hellip;\nLink to others RA \u0026hellip;\n"
},
{
	"uri": "/analytics/1-architecture/arbusinessapplicationmonitoring/",
	"title": "RA : BAM",
	"tags": ["RA", "BAM"],
	"description": "Reference Architecture : business application monitoring",
	"content": " Use cases \u0026hellip;\nRequirements \u0026hellip;\nInterfaces/ interconnections \u0026hellip;\nData \u0026hellip;\nSecurity \u0026hellip;\nDRP \u0026hellip;\nLink to others RA \u0026hellip;\n"
},
{
	"uri": "/analytics/1-architecture/arbigdata/",
	"title": "RA : BigData",
	"tags": ["RA", "analystics", "bigdata"],
	"description": "Reference Architecture : BigData",
	"content": " Use cases \u0026hellip;\nRequirements \u0026hellip;\nInterfaces/ interconnections \u0026hellip;\nData \u0026hellip;\nSecurity \u0026hellip;\nDRP \u0026hellip;\nLink to others RA \u0026hellip;\n"
},
{
	"uri": "/analytics/",
	"title": "Analytics",
	"tags": ["Analytics"],
	"description": "AI, Business Application Monitoring, Big Data",
	"content": "  1-Ref Arch : Analytics Reference Architecture : Big Data, Business Application Monitoring, Big Data\n  2-Design : Analytics Design : ETL, Opentracing, BAM\n  3-Implementation : Analytics Implementation : Kibana, Hadoop\n  "
},
{
	"uri": "/managementtools/",
	"title": "Management Tools",
	"tags": ["monitoring"],
	"description": "Monitoring, Alertmanager, Cadvisor, Blackbox, Prometheus",
	"content": "  1-Ref Archi : Monitoring RA : Metrics collector, Alert, Graph\n  2- Design : Monitoring Design : Alertmanager, Cadvisor, Blackbox, Prometheus\n  3-Implementation : Monitoring Implementation : Alertmanager, Cadvisor, Blackbox, Prometheus\n  "
},
{
	"uri": "/mobile/2-design/designmobile/",
	"title": "Design : mobile",
	"tags": ["Design", "mobile"],
	"description": "Design : mobile",
	"content": " Lifecycle \u0026hellip;\nContinuity of operations \u0026hellip;.\nData exchange \u0026hellip;\nRoles \u0026hellip;\nConstraints \u0026hellip;\nSizing \u0026hellip;\n"
},
{
	"uri": "/mobile/1-architecture/armobile/",
	"title": "RA : mobile",
	"tags": ["RA", "mobile"],
	"description": "Reference Architecture : mobile",
	"content": " Use cases \u0026hellip;\nRequirements \u0026hellip;\nInterfaces/ interconnections \u0026hellip;\nData \u0026hellip;\nSecurity \u0026hellip;\nDRP \u0026hellip;\nLink to others RA \u0026hellip;\n"
},
{
	"uri": "/mobile/",
	"title": "Mobile",
	"tags": ["Mobile"],
	"description": "Mobile",
	"content": "  1-RA : mobile Reference Architecture : mobile\n  2-Design : mobile Design : mobile\n  3-Implementation : mobile Implementation : mobile\n  "
},
{
	"uri": "/iot/",
	"title": "IOT",
	"tags": ["IOT"],
	"description": "IOT",
	"content": "  1-RA : IOT. Reference Architecture : IOT\n  2-Design : IOT Design : IOT\n  3-Implementation : IOT Implementation : IOT\n  "
},
{
	"uri": "/contentdelivery/3-implementation/implementationnginx/",
	"title": "Implementation : nginx",
	"tags": ["Implementation", "nginx"],
	"description": "Implementation : nginx",
	"content": " Installation \u0026hellip;\nConfiguration Run \u0026hellip;\nLinks \u0026hellip;\n"
},
{
	"uri": "/contentdelivery/3-implementation/implementationtraefik/",
	"title": "Implementation : traefik",
	"tags": ["Implementation", "traefik"],
	"description": "Implementation : traefik",
	"content": " Installation \u0026hellip;\nConfiguration Run \u0026hellip;\nLinks \u0026hellip;\n"
},
{
	"uri": "/contentdelivery/2-design/designapimanager/",
	"title": "Design : API Manager",
	"tags": ["Design", "API Manager"],
	"description": "Design : API Manager",
	"content": " Lifecycle \u0026hellip;\nContinuity of operations \u0026hellip;.\nData exchange \u0026hellip;\nRoles \u0026hellip;\nConstraints \u0026hellip;\nSizing \u0026hellip;\n"
},
{
	"uri": "/contentdelivery/2-design/designeventsgrid/",
	"title": "Design : Event Grid",
	"tags": ["Design", "Event Grid"],
	"description": "Design : Event Grid",
	"content": " Lifecycle \u0026hellip;\nContinuity of operations \u0026hellip;.\nData exchange \u0026hellip;\nRoles \u0026hellip;\nConstraints \u0026hellip;\nSizing \u0026hellip;\n"
},
{
	"uri": "/contentdelivery/2-design/designreverseproxy/",
	"title": "Design : RP",
	"tags": ["Design", "RP"],
	"description": "Design : Reverse Proxy",
	"content": " Lifecycle \u0026hellip;\nContinuity of operations \u0026hellip;.\nData exchange \u0026hellip;\nRoles \u0026hellip;\nConstraints \u0026hellip;\nSizing \u0026hellip;\n"
},
{
	"uri": "/contentdelivery/1-architecture/arcontentdelivery/",
	"title": "RA : content delivery",
	"tags": ["RA", "content delivery"],
	"description": "Reference Architecture : content delivery",
	"content": " Use cases \u0026hellip;\nRequirements \u0026hellip;\nInterfaces/ interconnections \u0026hellip;\nData \u0026hellip;\nSecurity \u0026hellip;\nDRP \u0026hellip;\nLink to others RA \u0026hellip;\n"
},
{
	"uri": "/contentdelivery/",
	"title": "Content Delivery",
	"tags": ["Contentdelivery"],
	"description": "Reverse proxy, API Manager",
	"content": "  1-RA : content delivery Reference Architecture : content delivery\n  2-Design : content delivery Design : api manager, events grid, reverse proxy\n  3-Implementation : content delivery Implementation : Kong, Haproxy, Nginx, Traefik, Nats Streaming\n  "
},
{
	"uri": "/network/2-design/designdns/",
	"title": "Design : DNS",
	"tags": ["Design", "DNS"],
	"description": "Design : DNS",
	"content": " Lifecycle \u0026hellip;\nContinuity of operations \u0026hellip;.\nData exchange \u0026hellip;\nRoles \u0026hellip;\nConstraints \u0026hellip;\nSizing \u0026hellip;\n"
},
{
	"uri": "/network/2-design/designloadbalancer/",
	"title": "Design : Load Balancer",
	"tags": ["Design", "LB"],
	"description": "Design : Load Balancer",
	"content": " Lifecycle \u0026hellip;\nContinuity of operations \u0026hellip;.\nData exchange \u0026hellip;\nRoles \u0026hellip;\nConstraints \u0026hellip;\nSizing \u0026hellip;\n"
},
{
	"uri": "/network/2-design/designproxy/",
	"title": "Design : Proxy",
	"tags": ["Design", "Proxy"],
	"description": "Design : Proxy",
	"content": " Lifecycle \u0026hellip;\nContinuity of operations \u0026hellip;.\nData exchange \u0026hellip;\nRoles \u0026hellip;\nConstraints \u0026hellip;\nSizing \u0026hellip;\n"
},
{
	"uri": "/network/2-design/designtraficmanager/",
	"title": "Design : Trafic Manager",
	"tags": ["Design", "DDOS"],
	"description": "Design : Trafic Manager",
	"content": " Lifecycle \u0026hellip;\nContinuity of operations \u0026hellip;.\nData exchange \u0026hellip;\nRoles \u0026hellip;\nConstraints \u0026hellip;\nSizing \u0026hellip;\n"
},
{
	"uri": "/network/2-design/designvpn/",
	"title": "Design : VPN.",
	"tags": ["Design", "VPN"],
	"description": "Design : VPN",
	"content": " Lifecycle \u0026hellip;\nContinuity of operations \u0026hellip;.\nData exchange \u0026hellip;\nRoles \u0026hellip;\nConstraints \u0026hellip;\nSizing \u0026hellip;\n"
},
{
	"uri": "/network/3-implementation/implementationroute53/",
	"title": "Implementation : Route 53",
	"tags": ["Implementation", "Route 53"],
	"description": "Implementation : Route 53",
	"content": " Installation \u0026hellip;\nConfiguration Run \u0026hellip;\nLinks \u0026hellip;\n"
},
{
	"uri": "/network/3-implementation/implementationsquid/",
	"title": "Implementation : Squid",
	"tags": ["Implementation", "Squid"],
	"description": "Implementation : Squid",
	"content": " Installation \u0026hellip;\nConfiguration Run \u0026hellip;\nLinks \u0026hellip;\n"
},
{
	"uri": "/network/1-architecture/arnetwork/",
	"title": "RA : network",
	"tags": ["RA", "network"],
	"description": "Reference Architecture : network",
	"content": " Use cases \u0026hellip;\nRequirements \u0026hellip;\nInterfaces/ interconnections \u0026hellip;\nData \u0026hellip;\nSecurity \u0026hellip;\nDRP \u0026hellip;\nLink to others RA \u0026hellip;\n"
},
{
	"uri": "/network/",
	"title": "Network",
	"tags": ["Network"],
	"description": "DNS, Proxy, VPN",
	"content": "  1-RA : Network. Reference Architecture : Network\n  2-Design : network Design : DNS, VPN, Proxy, Trafic Manager\n  3-Implementation : Network Implementation : Route 53, bind, Squid\n  "
},
{
	"uri": "/compute/3-implementation/implementationcentos/",
	"title": "Implementation : centos",
	"tags": ["Implementation", "centos"],
	"description": "Implementation : centos",
	"content": " Installation \u0026hellip;\nConfiguration Run \u0026hellip;\nLinks \u0026hellip;\n"
},
{
	"uri": "/compute/3-implementation/implementationdocker/",
	"title": "Implementation : docker",
	"tags": ["Implementation", "docker"],
	"description": "Implementation : docker",
	"content": " Installation \u0026hellip;\nConfiguration Run \u0026hellip;\nLinks \u0026hellip;\n"
},
{
	"uri": "/compute/3-implementation/implementationkubernetes/",
	"title": "Implementation : kubernetes",
	"tags": ["Implementation", "kubernetes"],
	"description": "Implementation : kubernetes",
	"content": " Installation \u0026hellip;\nConfiguration Run \u0026hellip;\nLinks \u0026hellip;\n"
},
{
	"uri": "/compute/3-implementation/implementationvmware/",
	"title": "Implementation : vmWare",
	"tags": ["Implementation", "vmWare"],
	"description": "Implementation : vmWare",
	"content": " Installation \u0026hellip;\nConfiguration Run \u0026hellip;\nLinks \u0026hellip;\n"
},
{
	"uri": "/compute/2-design/designcontainer/",
	"title": "Design : ...",
	"tags": ["Design", "..."],
	"description": "Design : container",
	"content": " Lifecycle \u0026hellip;\nContinuity of operations \u0026hellip;.\nData exchange \u0026hellip;\nRoles \u0026hellip;\nConstraints \u0026hellip;\nSizing \u0026hellip;\n"
},
{
	"uri": "/compute/2-design/designserveless/",
	"title": "Design : ...",
	"tags": ["Design", "..."],
	"description": "Design : serverless",
	"content": " Lifecycle \u0026hellip;\nContinuity of operations \u0026hellip;.\nData exchange \u0026hellip;\nRoles \u0026hellip;\nConstraints \u0026hellip;\nSizing \u0026hellip;\n"
},
{
	"uri": "/compute/2-design/designvm/",
	"title": "Design : ...",
	"tags": ["Design", "..."],
	"description": "Design : vm",
	"content": " Lifecycle \u0026hellip;\nContinuity of operations \u0026hellip;.\nData exchange \u0026hellip;\nRoles \u0026hellip;\nConstraints \u0026hellip;\nSizing \u0026hellip;\n"
},
{
	"uri": "/compute/2-design/designlinux/",
	"title": "Design : Linux",
	"tags": ["Design", "Linux"],
	"description": "Design : Linux",
	"content": " Lifecycle \u0026hellip;\nContinuity of operations \u0026hellip;.\nData exchange \u0026hellip;\nRoles \u0026hellip;\nConstraints \u0026hellip;\nSizing \u0026hellip;\n"
},
{
	"uri": "/compute/1-architecture/arcaas/",
	"title": "RA : CAAS",
	"tags": ["RA", "CAAS"],
	"description": "Reference Architecture : Container As A Service",
	"content": " Use cases \u0026hellip;\nRequirements \u0026hellip;\nInterfaces/ interconnections \u0026hellip;\nData \u0026hellip;\nSecurity \u0026hellip;\nDRP \u0026hellip;\nLink to others RA \u0026hellip;\n"
},
{
	"uri": "/compute/1-architecture/arcompute/",
	"title": "RA : Compute",
	"tags": ["RA", "..."],
	"description": "Reference Architecture : compute",
	"content": " Use cases \u0026hellip;\nRequirements \u0026hellip;\nInterfaces/ interconnections \u0026hellip;\nData \u0026hellip;\nSecurity \u0026hellip;\nDRP \u0026hellip;\nLink to others RA \u0026hellip;\n"
},
{
	"uri": "/compute/1-architecture/arserverless/",
	"title": "RA : Serverless",
	"tags": ["RA", "serverless"],
	"description": "Reference Architecture : serveless",
	"content": " Use cases \u0026hellip;\nRequirements \u0026hellip;\nInterfaces/ interconnections \u0026hellip;\nData \u0026hellip;\nSecurity \u0026hellip;\nDRP \u0026hellip;\nLink to others RA \u0026hellip;\n"
},
{
	"uri": "/compute/1-architecture/arvm/",
	"title": "RA : VM",
	"tags": ["RA", "docker", "vm"],
	"description": "Reference Architecture : virtual machine",
	"content": " Use cases \u0026hellip;\nRequirements \u0026hellip;\nInterfaces/ interconnections \u0026hellip;\nData \u0026hellip;\nSecurity \u0026hellip;\nDRP \u0026hellip;\nLink to others RA \u0026hellip;\n"
},
{
	"uri": "/compute/",
	"title": "Compute",
	"tags": ["Compute"],
	"description": "compute, container, virtual machine, physical machine",
	"content": "  1-RA : compute Reference Architecture : compute\n  2-Design : compute Design : container, serverless, vm\n  3-Implementation : compute Implementation : centos, docker, kubernetes, vmware\n  "
},
{
	"uri": "/office/2-design/designdirectory/",
	"title": "Design : ...",
	"tags": ["Design", "..."],
	"description": "Design : Directory",
	"content": " Lifecycle \u0026hellip;\nContinuity of operations \u0026hellip;.\nData exchange \u0026hellip;\nRoles \u0026hellip;\nConstraints \u0026hellip;\nSizing \u0026hellip;\nOpenLDAP Microsoft Active Directory\n"
},
{
	"uri": "/office/2-design/designfileserver/",
	"title": "Design : ...",
	"tags": ["Design", "..."],
	"description": "Design : File Server",
	"content": " Lifecycle \u0026hellip;\nContinuity of operations \u0026hellip;.\nData exchange \u0026hellip;\nRoles \u0026hellip;\nConstraints \u0026hellip;\nSizing \u0026hellip;\n"
},
{
	"uri": "/office/2-design/designmail/",
	"title": "Design : ...",
	"tags": ["Design", "..."],
	"description": "Design : Mail",
	"content": " Lifecycle \u0026hellip;\nContinuity of operations \u0026hellip;.\nData exchange \u0026hellip;\nRoles \u0026hellip;\nConstraints \u0026hellip;\nSizing \u0026hellip;\n"
},
{
	"uri": "/office/2-design/designprintserver/",
	"title": "Design : ...",
	"tags": ["Design", "..."],
	"description": "Design : Print Server",
	"content": " Lifecycle \u0026hellip;\nContinuity of operations \u0026hellip;.\nData exchange \u0026hellip;\nRoles \u0026hellip;\nConstraints \u0026hellip;\nSizing \u0026hellip;\n"
},
{
	"uri": "/office/2-design/designvoip/",
	"title": "Design : ...",
	"tags": ["Design", "..."],
	"description": "Design : VOIP",
	"content": " Lifecycle \u0026hellip;\nContinuity of operations \u0026hellip;.\nData exchange \u0026hellip;\nRoles \u0026hellip;\nConstraints \u0026hellip;\nSizing \u0026hellip;\n"
},
{
	"uri": "/office/3-implementation/implementationad/",
	"title": "Implementation : ...",
	"tags": ["Implementation", "..."],
	"description": "Implementation : Active Directory",
	"content": " Installation \u0026hellip;\nConfiguration Run \u0026hellip;\nLinks \u0026hellip;\n"
},
{
	"uri": "/office/1-architecture/arexample/",
	"title": "RA : ...",
	"tags": ["RA", "..."],
	"description": "Reference Architecture : ...",
	"content": " Use cases \u0026hellip;\nRequirements \u0026hellip;\nInterfaces/ interconnections \u0026hellip;\nData \u0026hellip;\nSecurity \u0026hellip;\nDRP \u0026hellip;\nLink to others RA \u0026hellip;\n"
},
{
	"uri": "/office/",
	"title": "Office",
	"tags": ["Office"],
	"description": "Mail, Print server, File Server, Directory",
	"content": "  1-RA : office Reference Architecture : office\n  2-Design : office Design : mail, VOIP, file server, print server\n  3-Implementation : office Implementation : office\n  "
},
{
	"uri": "/software/2-design/designapplicationserver/",
	"title": "Design : ...",
	"tags": ["Design", "..."],
	"description": "Design : Application Server",
	"content": " Lifecycle \u0026hellip;\nContinuity of operations \u0026hellip;.\nData exchange \u0026hellip;\nRoles \u0026hellip;\nConstraints \u0026hellip;\nSizing \u0026hellip;\n"
},
{
	"uri": "/software/2-design/designstaticwebgenerator/",
	"title": "Design : Static Web Generator",
	"tags": ["Design", "Static Web Generator", "hugo"],
	"description": "Design : Static Web Generator",
	"content": " Lifecycle \u0026hellip;\nContinuity of operations \u0026hellip;.\nData exchange \u0026hellip;\nRoles \u0026hellip;\nConstraints \u0026hellip;\nSizing \u0026hellip;\n"
},
{
	"uri": "/software/3-implementation/implementationhugo/",
	"title": "Implementation : Hugo",
	"tags": ["Implementation", "hugo"],
	"description": "Implementation : Hugo",
	"content": " Installation \u0026hellip;\nConfiguration Run \u0026hellip;\nLinks \u0026hellip;\n"
},
{
	"uri": "/software/3-implementation/implementationjboss/",
	"title": "Implementation : JBoss",
	"tags": ["Implementation", "JBoss"],
	"description": "Implementation : JBoss",
	"content": " Installation \u0026hellip;\nConfiguration Run \u0026hellip;\nLinks \u0026hellip;\n"
},
{
	"uri": "/software/3-implementation/implementationnginx/",
	"title": "Implementation : Nginx",
	"tags": ["Implementation", "Nginx"],
	"description": "Implementation : Nginx",
	"content": " Installation \u0026hellip;\nConfiguration Run \u0026hellip;\nLinks \u0026hellip;\n"
},
{
	"uri": "/software/1-architecture/arapplicationbatch/",
	"title": "RA : batch",
	"tags": ["RA", "batch"],
	"description": "Reference Architecture : batch",
	"content": " Use cases \u0026hellip;\nRequirements \u0026hellip;\nInterfaces/ interconnections \u0026hellip;\nData \u0026hellip;\nSecurity \u0026hellip;\nDRP \u0026hellip;\nLink to others RA \u0026hellip;\n"
},
{
	"uri": "/software/1-architecture/arapplicationmicroservice/",
	"title": "RA : microservice",
	"tags": ["RA", "web"],
	"description": "Reference Architecture : microservice",
	"content": " Use cases \u0026hellip;\nRequirements \u0026hellip;\nInterfaces/ interconnections \u0026hellip;\nData \u0026hellip;\nSecurity \u0026hellip;\nDRP \u0026hellip;\nLink to others RA \u0026hellip;\n"
},
{
	"uri": "/software/1-architecture/arapplicationportal/",
	"title": "RA : portal",
	"tags": ["RA", "web"],
	"description": "Reference Architecture : portal",
	"content": " Use cases \u0026hellip;\nRequirements \u0026hellip;\nInterfaces/ interconnections \u0026hellip;\nData \u0026hellip;\nSecurity \u0026hellip;\nDRP \u0026hellip;\nLink to others RA \u0026hellip;\n"
},
{
	"uri": "/software/1-architecture/arapplicationwebservice/",
	"title": "RA : webserver",
	"tags": ["RA", "web"],
	"description": "Reference Architecture : webserver",
	"content": " Use cases \u0026hellip;\nRequirements \u0026hellip;\nInterfaces/ interconnections \u0026hellip;\nData \u0026hellip;\nSecurity \u0026hellip;\nDRP \u0026hellip;\nLink to others RA \u0026hellip;\n"
},
{
	"uri": "/software/",
	"title": "Software",
	"tags": ["Application Server"],
	"description": "Microservice, Webservice",
	"content": "  1-RA : Application server Reference Architecture : Application server\n  2-Design : software Design : application server, web static generator\n  3-Implementation : software Implementation : software\n  "
},
{
	"uri": "/contentdelivery/3-implementation/implementationhaproxy/",
	"title": "Implementation : HAProxy",
	"tags": ["Implementation", "HAProxy"],
	"description": "Implementation : HAProxy",
	"content": " Installation \u0026hellip;\nConfiguration Run \u0026hellip;\nLinks \u0026hellip;\n"
},
{
	"uri": "/contentdelivery/3-implementation/implementationnatsstreaming/",
	"title": "Implementation : Nats Streaming",
	"tags": ["Implementation", "Nats Streaming"],
	"description": "Implementation : Nats Streaming",
	"content": " Installation \u0026hellip;\nConfiguration Run \u0026hellip;\nLinks \u0026hellip;\n"
},
{
	"uri": "/contentdelivery/3-implementation/implementationkong/",
	"title": "Implementation : kong",
	"tags": ["Implementation", "kong"],
	"description": "Implementation : kong",
	"content": " Installation \u0026hellip;\nConfiguration Run \u0026hellip;\nLinks \u0026hellip;\n"
},
{
	"uri": "/storage/3-implementation/implementationhadoop/",
	"title": "Implementation : Hadoop",
	"tags": ["Implementation", "Hadoop"],
	"description": "Implementation : Hadoop",
	"content": " Installation \u0026hellip;\nConfiguration Run \u0026hellip;\nLinks \u0026hellip;\n"
},
{
	"uri": "/storage/3-implementation/implementationveam/",
	"title": "Implementation : VEAM",
	"tags": ["Implementation", "VEAM"],
	"description": "Implementation : VEAM",
	"content": " Installation \u0026hellip;\nConfiguration Run \u0026hellip;\nLinks \u0026hellip;\n"
},
{
	"uri": "/storage/3-implementation/implementationminio/",
	"title": "Implementation : minio",
	"tags": ["Implementation", "minio"],
	"description": "Implementation : minio",
	"content": " Installation \u0026hellip;\nConfiguration Run \u0026hellip;\nLinks \u0026hellip;\n"
},
{
	"uri": "/storage/2-design/designs3/",
	"title": "Design : S3",
	"tags": ["Design", "S3"],
	"description": "Design : S3",
	"content": " Lifecycle \u0026hellip;\nContinuity of operations \u0026hellip;.\nData exchange \u0026hellip;\nRoles \u0026hellip;\nConstraints \u0026hellip;\nSizing \u0026hellip;\n"
},
{
	"uri": "/storage/2-design/designbackup/",
	"title": "Design : S3",
	"tags": ["Design", "S3"],
	"description": "Design : S3",
	"content": " Lifecycle \u0026hellip;\nContinuity of operations \u0026hellip;.\nData exchange \u0026hellip;\nRoles \u0026hellip;\nConstraints \u0026hellip;\nSizing \u0026hellip;\n"
},
{
	"uri": "/storage/2-design/designsan/",
	"title": "Design : SAN",
	"tags": ["Design", "SAN"],
	"description": "Design : SAN",
	"content": " Lifecycle \u0026hellip;\nContinuity of operations \u0026hellip;.\nData exchange \u0026hellip;\nRoles \u0026hellip;\nConstraints \u0026hellip;\nSizing \u0026hellip;\n"
},
{
	"uri": "/storage/1-architecture/ararchiving/",
	"title": "RA : storage",
	"tags": ["RA", "storage"],
	"description": "Reference Architecture : Archiving",
	"content": " Use cases \u0026hellip;\nRequirements \u0026hellip;\nInterfaces/ interconnections \u0026hellip;\nData \u0026hellip;\nSecurity \u0026hellip;\nDRP \u0026hellip;\nLink to others RA \u0026hellip;\n"
},
{
	"uri": "/storage/1-architecture/arbackup/",
	"title": "RA : storage",
	"tags": ["RA", "storage"],
	"description": "Reference Architecture : backup",
	"content": " Use cases \u0026hellip;\nRequirements \u0026hellip;\nInterfaces/ interconnections \u0026hellip;\nData \u0026hellip;\nSecurity \u0026hellip;\nDRP \u0026hellip;\nLink to others RA \u0026hellip;\n"
},
{
	"uri": "/storage/1-architecture/arstorage/",
	"title": "RA : storage",
	"tags": ["RA", "storage"],
	"description": "Reference Architecture : storage",
	"content": " Use cases \u0026hellip;\nRequirements \u0026hellip;\nInterfaces/ interconnections \u0026hellip;\nData \u0026hellip;\nSecurity \u0026hellip;\nDRP \u0026hellip;\nLink to others RA \u0026hellip;\n"
},
{
	"uri": "/storage/",
	"title": "Storage",
	"tags": ["Storage"],
	"description": "NFS, S3",
	"content": "  1-RA : storage Reference Architecture : storage\n  2-Design : stockage Design : backup, S3, SFTP\n  3-Implementation : Storage Implementation : Minio S3, SFTP, SAN\n  "
},
{
	"uri": "/developertools/2-design/designscm/",
	"title": "Design : ...",
	"tags": ["Design", "..."],
	"description": "Design : Source Controle Management",
	"content": " Lifecycle \u0026hellip;\nContinuity of operations \u0026hellip;.\nData exchange \u0026hellip;\nRoles \u0026hellip;\nConstraints \u0026hellip;\nSizing \u0026hellip;\n"
},
{
	"uri": "/developertools/2-design/designci/",
	"title": "Design : Software factory",
	"tags": ["Design", "CI"],
	"description": "Design : COntinuous Integration",
	"content": " Lifecycle \u0026hellip;\nContinuity of operations \u0026hellip;.\nData exchange \u0026hellip;\nRoles \u0026hellip;\nConstraints \u0026hellip;\nSizing \u0026hellip;\n"
},
{
	"uri": "/developertools/3-implementation/implementationgitci/",
	"title": "Implementation : GIT-CI",
	"tags": ["Implementation", "GIT-CI"],
	"description": "Implementation : GIT-CI",
	"content": " Installation \u0026hellip;\nConfiguration Run \u0026hellip;\nLinks \u0026hellip;\n"
},
{
	"uri": "/developertools/2-design/designregistry/",
	"title": "Design : Registry",
	"tags": ["Design", "Registry"],
	"description": "Design : Registry",
	"content": " Lifecycle \u0026hellip;\nContinuity of operations \u0026hellip;.\nData exchange \u0026hellip;\nRoles \u0026hellip;\nConstraints \u0026hellip;\nSizing \u0026hellip;\n"
},
{
	"uri": "/developertools/3-implementation/implementationjira/",
	"title": "Implementation : ...",
	"tags": ["Implementation", "..."],
	"description": "Implementation : ...",
	"content": " Installation \u0026hellip;\nConfiguration Run \u0026hellip;\nLinks \u0026hellip;\n"
},
{
	"uri": "/developertools/1-architecture/ardevelopertools/",
	"title": "RA : ...",
	"tags": ["RA", "..."],
	"description": "Reference Architecture : ...",
	"content": " Use cases \u0026hellip;\nRequirements \u0026hellip;\nInterfaces/ interconnections \u0026hellip;\nData \u0026hellip;\nSecurity \u0026hellip;\nDRP \u0026hellip;\nLink to others RA \u0026hellip;\n"
},
{
	"uri": "/developertools/",
	"title": "Developer Tools",
	"tags": ["Softwarefactory"],
	"description": "Software Factory : SCM, Git, CI",
	"content": "  1-RA : developer tools Reference Architecture : developer tools\n  2-Design : ... Design : ...\n  3-Implementation : Developer tools Implementation : Gitlab, Gitlab CI\n  "
},
{
	"uri": "/databases/2-design/designexample/",
	"title": "Design : ...",
	"tags": ["Design", "..."],
	"description": "Design : ...",
	"content": " Lifecycle \u0026hellip;\nContinuity of operations \u0026hellip;.\nData exchange \u0026hellip;\nRoles \u0026hellip;\nConstraints \u0026hellip;\nSizing \u0026hellip;\n"
},
{
	"uri": "/databases/3-implementation/implementationcouchbase/",
	"title": "Implementation : couchbase",
	"tags": ["Implementation", "couchbase"],
	"description": "Implementation : couchbase",
	"content": " Installation \u0026hellip;\nConfiguration Run \u0026hellip;\nLinks \u0026hellip;\n"
},
{
	"uri": "/databases/3-implementation/implementationelasticsearch/",
	"title": "Implementation : elasticsearch",
	"tags": ["Implementation", "elasticsearch"],
	"description": "Implementation : elasticsearch",
	"content": " Installation \u0026hellip;\nConfiguration Run \u0026hellip;\nLinks \u0026hellip;\n"
},
{
	"uri": "/databases/1-architecture/arnosql/",
	"title": "RA : ...",
	"tags": ["RA", "..."],
	"description": "Reference Architecture : NoSQL, Cache",
	"content": " Use cases \u0026hellip;\nRequirements \u0026hellip;\nInterfaces/ interconnections \u0026hellip;\nData \u0026hellip;\nSecurity \u0026hellip;\nDRP \u0026hellip;\nLink to others RA \u0026hellip;\n"
},
{
	"uri": "/databases/1-architecture/arcache/",
	"title": "RA : database",
	"tags": ["RA", "cache", "memcache", "redis"],
	"description": "Reference Architecture : cache",
	"content": " Use cases \u0026hellip;\nRequirements \u0026hellip;\nInterfaces/ interconnections \u0026hellip;\nData \u0026hellip;\nSecurity \u0026hellip;\nDRP \u0026hellip;\nLink to others RA \u0026hellip;\n"
},
{
	"uri": "/databases/1-architecture/arindexation/",
	"title": "RA : database",
	"tags": ["RA", "cache", "memcache", "redis"],
	"description": "Reference Architecture : cache",
	"content": " Use cases \u0026hellip;\nRequirements \u0026hellip;\nInterfaces/ interconnections \u0026hellip;\nData \u0026hellip;\nSecurity \u0026hellip;\nDRP \u0026hellip;\nLink to others RA \u0026hellip;\n"
},
{
	"uri": "/databases/",
	"title": "Databases",
	"tags": ["Databases"],
	"description": "couchBase, Elasticsearch",
	"content": "  1-RA : databases Reference Architecture : databases\n  2-Design : ... Design : ...\n  3-Implementation : ... Implementation : ...\n  "
},
{
	"uri": "/managementtools/3-implementation/implementationansible/",
	"title": "Implementation : ansible",
	"tags": ["Implementation", "ansible"],
	"description": "Implementation : ansible",
	"content": " Installation \u0026hellip;\nConfiguration Run \u0026hellip;\nLinks \u0026hellip;\n"
},
{
	"uri": "/managementtools/2-design/designlogapplicatifs/",
	"title": "Design : logs applicatifs",
	"tags": ["Design", "logs"],
	"description": "Design : logs applicatifs",
	"content": " Lifecycle \u0026hellip;\nContinuity of operations \u0026hellip;.\nData exchange \u0026hellip;\nRoles \u0026hellip;\nConstraints \u0026hellip;\nSizing \u0026hellip;\n"
},
{
	"uri": "/managementtools/2-design/designlogsecurity/",
	"title": "Design : security logs",
	"tags": ["Design", "logs", "security"],
	"description": "Design : security logs",
	"content": " Lifecycle \u0026hellip;\nContinuity of operations \u0026hellip;.\nData exchange \u0026hellip;\nRoles \u0026hellip;\nConstraints \u0026hellip;\nSizing \u0026hellip;\n"
},
{
	"uri": "/managementtools/1-architecture/arlogs/",
	"title": "RA : Logs",
	"tags": ["RA", "logs"],
	"description": "Reference Architecture : Logs",
	"content": " Use cases \u0026hellip;\nRequirements \u0026hellip;\nInterfaces/ interconnections \u0026hellip;\nData \u0026hellip;\nSecurity \u0026hellip;\nDRP \u0026hellip;\nLink to others RA \u0026hellip;\n"
},
{
	"uri": "/managementtools/1-architecture/",
	"title": "1-Ref Archi : Monitoring",
	"tags": ["ra", "monitoring"],
	"description": "RA : Metrics collector, Alert, Graph",
	"content": "  RA : Logs Reference Architecture : Logs\n  Architecture Metrics Collector Metrics : Time Series Database\n  Architecture Alert Alerting : Email, Sms, Webhook, ...\n  Architecture Graph Display metrics\n  "
},
{
	"uri": "/security/1-architecture/",
	"title": "1-RA : Security",
	"tags": ["RA", "vault"],
	"description": "Reference Architecture : Authenticate, Crypto, Firewall, Vault",
	"content": "  RA : Authenticate Reference Architecture : Authenticate\n  RA : Certificats Reference Architecture : Certificat\n  RA : Crypto Reference Architecture : Crypto\n  RA : Vault Reference Architecture : Vault\n  RA : firewall Reference Architecture : firewall\n  "
},
{
	"uri": "/analytics/1-architecture/",
	"title": "1-Ref Arch : Analytics",
	"tags": ["RA", "Big Data", "BAM", "Big Data"],
	"description": "Reference Architecture : Big Data, Business Application Monitoring, Big Data",
	"content": "  RA : AI Reference Architecture : AI\n  RA : Analytics Reference Architecture : Analytics\n  RA : BAM Reference Architecture : business application monitoring\n  RA : BigData Reference Architecture : BigData\n  "
},
{
	"uri": "/mobile/1-architecture/",
	"title": "1-RA : mobile",
	"tags": ["RA", "mobile"],
	"description": "Reference Architecture : mobile",
	"content": "  RA : mobile Reference Architecture : mobile\n  "
},
{
	"uri": "/contentdelivery/1-architecture/",
	"title": "1-RA : content delivery",
	"tags": ["RA", "content delivery"],
	"description": "Reference Architecture : content delivery",
	"content": "  RA : content delivery Reference Architecture : content delivery\n  "
},
{
	"uri": "/iot/1-architecture/",
	"title": "1-RA : IOT.",
	"tags": ["RA", "IOT"],
	"description": "Reference Architecture : IOT",
	"content": "  "
},
{
	"uri": "/network/1-architecture/",
	"title": "1-RA : Network.",
	"tags": ["RA", "network"],
	"description": "Reference Architecture : Network",
	"content": "  RA : network Reference Architecture : network\n  "
},
{
	"uri": "/compute/1-architecture/",
	"title": "1-RA : compute",
	"tags": ["RA", "compute"],
	"description": "Reference Architecture : compute",
	"content": "  RA : CAAS Reference Architecture : Container As A Service\n  RA : Compute Reference Architecture : compute\n  RA : Serverless Reference Architecture : serveless\n  RA : VM Reference Architecture : virtual machine\n  "
},
{
	"uri": "/office/1-architecture/",
	"title": "1-RA : office",
	"tags": ["RA", "office"],
	"description": "Reference Architecture : office",
	"content": "  RA : ... Reference Architecture : ...\n  "
},
{
	"uri": "/software/1-architecture/",
	"title": "1-RA : Application server",
	"tags": ["RA", "Application server"],
	"description": "Reference Architecture : Application server",
	"content": "  RA : batch Reference Architecture : batch\n  RA : microservice Reference Architecture : microservice\n  RA : portal Reference Architecture : portal\n  RA : webserver Reference Architecture : webserver\n  "
},
{
	"uri": "/storage/1-architecture/",
	"title": "1-RA : storage",
	"tags": ["RA", "storage"],
	"description": "Reference Architecture : storage",
	"content": "  RA : storage Reference Architecture : Archiving\n  RA : storage Reference Architecture : backup\n  RA : storage Reference Architecture : storage\n  "
},
{
	"uri": "/developertools/1-architecture/",
	"title": "1-RA : developer tools",
	"tags": ["RA", "developer tools"],
	"description": "Reference Architecture : developer tools",
	"content": "  RA : ... Reference Architecture : ...\n  "
},
{
	"uri": "/databases/1-architecture/",
	"title": "1-RA : databases",
	"tags": ["RA", "databases"],
	"description": "Reference Architecture : databases",
	"content": "  RA : ... Reference Architecture : NoSQL, Cache\n  RA : database Reference Architecture : cache\n  RA : database Reference Architecture : cache\n  "
},
{
	"uri": "/managementtools/1-architecture/armetrics/",
	"title": "Architecture Metrics Collector",
	"tags": ["monitoring", "ra", "metrics"],
	"description": "Metrics : Time Series Database",
	"content": " Use cases Monitor infrastructure systems. Monitor services.\nRequirements What would you like to monitor ?\n Application  Available (up, down) Response time (x ms)   For application, it\u0026rsquo;s preferable to use a Business Application Monitoring based on Opentracing.\n  OS from Physical, VM, Docker  Load Disk Network Up and Down   Who need of this metrics ?\n Alert application Graph application  Interfaces/ interconnections  Possible to export data with API. Possible to consult data with API. Multiple connectors  Data  Retention : 15 days (for the moment) Possible to export data (to big data)  Security No security, the consultation of metrics are open for everybody.\nLink to others RA  alert graph  DRP Mean time to recovery (MTTR) : 1 hour\n"
},
{
	"uri": "/managementtools/1-architecture/aralert/",
	"title": "Architecture Alert",
	"tags": ["monitoring", "ra", "alert"],
	"description": "Alerting : Email, Sms, Webhook, ...",
	"content": " Use cases Send alert when treeshold of metrics.\nRequirements Each time that there is a problem (treeshold), one alarm is generated.\n Send a email to one mailbox Admin Display alarm on one page for everybody  Type alert:\n mail webhook  Interfaces/ interconnections Possible to send mail. Possible to call webhok.\nData Is necessary to save each alarm for example save mail from the mailbox.\nSecurity No security, alarm are open for every body.\nLink to others RA DRP Mean time to recovery (MTTR) : 1 hour\n"
},
{
	"uri": "/managementtools/1-architecture/argraph/",
	"title": "Architecture Graph",
	"tags": ["monitoring", "ra", "graph"],
	"description": "Display metrics",
	"content": " Use cases Display metrics.\nRequirements Graph is only when there is a problem. Nobody have to look graph.\nInterfaces/ interconnections Data From the retention of metrics.\nSecurity No security to read graph, opent to everybody. Security to modify graph.\nDRP Mean time to recovery (MTTR) : 1 hour\nLink to others RA "
},
{
	"uri": "/security/2-design/",
	"title": "2-Design : security",
	"tags": ["Design", "HSM"],
	"description": "Design : HSM",
	"content": "  Design : Certificat Design : Certificat\n  Design : HSM Design : HSM\n  "
},
{
	"uri": "/analytics/2-design/",
	"title": "2-Design : Analytics",
	"tags": ["Design", "ETL, Opentracing"],
	"description": "Design : ETL, Opentracing, BAM",
	"content": "  Design : Bigdata Bigdata\n  Design : ETL ETL\n  Design : OpenTracing OpenTracing\n  "
},
{
	"uri": "/mobile/2-design/",
	"title": "2-Design : mobile",
	"tags": ["Design", "mobile"],
	"description": "Design : mobile",
	"content": "  Design : mobile Design : mobile\n  "
},
{
	"uri": "/contentdelivery/2-design/",
	"title": "2-Design : content delivery",
	"tags": ["Design", "RP"],
	"description": "Design : api manager, events grid, reverse proxy",
	"content": "  Design : API Manager Design : API Manager\n  Design : Event Grid Design : Event Grid\n  Design : RP Design : Reverse Proxy\n  "
},
{
	"uri": "/iot/2-design/",
	"title": "2-Design : IOT",
	"tags": ["Design", "IOT"],
	"description": "Design : IOT",
	"content": "  "
},
{
	"uri": "/network/2-design/",
	"title": "2-Design : network",
	"tags": ["Design", "DNS"],
	"description": "Design : DNS, VPN, Proxy, Trafic Manager",
	"content": "  Design : DNS Design : DNS\n  Design : Load Balancer Design : Load Balancer\n  Design : Proxy Design : Proxy\n  Design : Trafic Manager Design : Trafic Manager\n  Design : VPN. Design : VPN\n  "
},
{
	"uri": "/compute/2-design/",
	"title": "2-Design : compute",
	"tags": ["Design", "CAAS"],
	"description": "Design : container, serverless, vm",
	"content": "  Design : ... Design : container\n  Design : ... Design : serverless\n  Design : ... Design : vm\n  Design : Linux Design : Linux\n  "
},
{
	"uri": "/office/2-design/",
	"title": "2-Design : office",
	"tags": ["Design", "office"],
	"description": "Design : mail, VOIP, file server, print server",
	"content": "  Design : ... Design : Directory\n  Design : ... Design : File Server\n  Design : ... Design : Mail\n  Design : ... Design : Print Server\n  Design : ... Design : VOIP\n  "
},
{
	"uri": "/software/2-design/",
	"title": "2-Design : software",
	"tags": ["Design", "application server"],
	"description": "Design : application server, web static generator",
	"content": "  Design : ... Design : Application Server\n  Design : Static Web Generator Design : Static Web Generator\n  "
},
{
	"uri": "/storage/2-design/",
	"title": "2-Design : stockage",
	"tags": ["Design", "stockage", "S3", "SFTP", "backup"],
	"description": "Design : backup, S3, SFTP",
	"content": "  Design : S3 Design : S3\n  Design : S3 Design : S3\n  Design : SAN Design : SAN\n   title: \u0026ldquo;Design : SFTP\u0026rdquo; description: \u0026ldquo;Design : SFTP\u0026rdquo; tags: [ \u0026ldquo;Design\u0026rdquo;, \u0026ldquo;SFTP\u0026rdquo; ] date: 2018-03-25T22:00:36+02:00 weight: 1 Lifecycle \u0026hellip; Continuity of operations \u0026hellip;. Data exchange \u0026hellip; Roles \u0026hellip; Constraints \u0026hellip; Sizing \u0026hellip;\n  "
},
{
	"uri": "/developertools/2-design/",
	"title": "2-Design : ...",
	"tags": ["Design", "..."],
	"description": "Design : ...",
	"content": "  Design : ... Design : Source Controle Management\n  Design : Software factory Design : COntinuous Integration\n  Design : Registry Design : Registry\n  "
},
{
	"uri": "/databases/2-design/",
	"title": "2-Design : ...",
	"tags": ["Design", "..."],
	"description": "Design : ...",
	"content": "  Design : ... Design : ...\n  "
},
{
	"uri": "/managementtools/2-design/",
	"title": "2- Design : Monitoring",
	"tags": ["monitoring", "design"],
	"description": "Design : Alertmanager, Cadvisor, Blackbox, Prometheus",
	"content": " Monitoring  Design : logs applicatifs Design : logs applicatifs\n  Design : security logs Design : security logs\n  Design Metrics Collector Metrics : Time Series Database\n  Design Alert Alerting : Email, Sms, Webhook, ...\n  Design Graph Display metrics\n  "
},
{
	"uri": "/managementtools/2-design/designmetrics/",
	"title": "Design Metrics Collector",
	"tags": ["monitoring", "design", "metrics"],
	"description": "Metrics : Time Series Database",
	"content": "  Prometheus Influxdb  Lifecycle Update each month.\nContinuity of operations Data exchange Import data from /metrics\nRoles  admin : add new connector all : consult data  Constraints Sizing "
},
{
	"uri": "/managementtools/2-design/designalert/",
	"title": "Design Alert",
	"tags": ["monitoring", "design", "alert"],
	"description": "Alerting : Email, Sms, Webhook, ...",
	"content": " Choice possible :\n Alertmanager from Prometheus. Alert from Grapha. Kapacitor from InfluxDat  Alertmanager Execute alertmanager in Docker. One instance is enough.\nUpdate version Update each month.\nTest  time to restart the service : time to restart the container time to reinstall the service : time to clone the git, et restart the container test alert Email test the webhook  "
},
{
	"uri": "/managementtools/2-design/designgraph/",
	"title": "Design Graph",
	"tags": ["monitoring", "design", "graph"],
	"description": "Display metrics",
	"content": " Graph Graph is only when there is a problem. Nobody have to look graph.\nData From the retention of metrics.\nSecurity No security, graph are open for everybody.\n"
},
{
	"uri": "/security/3-implementation/",
	"title": "3-Implementation : security",
	"tags": ["Implementation", "iptable", "vaultDB"],
	"description": "Implementation : iptable, vaultDB",
	"content": "  Implementation : iptable Implementation : Iptable\n  "
},
{
	"uri": "/analytics/3-implementation/",
	"title": "3-Implementation : Analytics",
	"tags": ["Implementation", "Kibana", "Hadoop"],
	"description": "Implementation : Kibana, Hadoop",
	"content": "  Implementation : Hadoop Implementation : Hadoop\n  Implementation : Kibana Implementation : Kibana\n  "
},
{
	"uri": "/mobile/3-implementation/",
	"title": "3-Implementation : mobile",
	"tags": ["Implementation", "mobile"],
	"description": "Implementation : mobile",
	"content": "  "
},
{
	"uri": "/contentdelivery/3-implementation/",
	"title": "3-Implementation : content delivery",
	"tags": ["Implementation", "kong"],
	"description": "Implementation : Kong, Haproxy, Nginx, Traefik, Nats Streaming",
	"content": "  Implementation : nginx Implementation : nginx\n  Implementation : traefik Implementation : traefik\n  Implementation : HAProxy Implementation : HAProxy\n  Implementation : Nats Streaming Implementation : Nats Streaming\n  Implementation : kong Implementation : kong\n  "
},
{
	"uri": "/iot/3-implementation/",
	"title": "3-Implementation : IOT",
	"tags": ["Implementation", "IOT"],
	"description": "Implementation : IOT",
	"content": "  "
},
{
	"uri": "/network/3-implementation/",
	"title": "3-Implementation : Network",
	"tags": ["Implementation", "bind", "route53"],
	"description": "Implementation : Route 53, bind, Squid",
	"content": "  Implementation : Route 53 Implementation : Route 53\n  Implementation : Squid Implementation : Squid\n  "
},
{
	"uri": "/compute/3-implementation/",
	"title": "3-Implementation : compute",
	"tags": ["Implementation", "docker"],
	"description": "Implementation : centos, docker, kubernetes, vmware",
	"content": "  Implementation : centos Implementation : centos\n  Implementation : docker Implementation : docker\n  Implementation : kubernetes Implementation : kubernetes\n  Implementation : vmWare Implementation : vmWare\n  "
},
{
	"uri": "/office/3-implementation/",
	"title": "3-Implementation : office",
	"tags": ["Implementation", "office"],
	"description": "Implementation : office",
	"content": "  Implementation : ... Implementation : Active Directory\n  "
},
{
	"uri": "/software/3-implementation/",
	"title": "3-Implementation : software",
	"tags": ["Implementation", "software"],
	"description": "Implementation : software",
	"content": "  Implementation : Hugo Implementation : Hugo\n  Implementation : JBoss Implementation : JBoss\n  Implementation : Nginx Implementation : Nginx\n  "
},
{
	"uri": "/storage/3-implementation/",
	"title": "3-Implementation : Storage",
	"tags": ["Implementation", "Minio", "S3", "SAN", "SFTP"],
	"description": "Implementation : Minio S3, SFTP, SAN",
	"content": "  Implementation : Hadoop Implementation : Hadoop\n  Implementation : VEAM Implementation : VEAM\n  Implementation : minio Implementation : minio\n  "
},
{
	"uri": "/developertools/3-implementation/",
	"title": "3-Implementation : Developer tools",
	"tags": ["Implementation", "GIT", "CI"],
	"description": "Implementation : Gitlab, Gitlab CI",
	"content": "  Implementation : GIT-CI Implementation : GIT-CI\n  Implementation : ... Implementation : ...\n   title: \u0026ldquo;Implementation : GIT\u0026rdquo; description: \u0026ldquo;Implementation : GIT\u0026rdquo; tags: [ \u0026ldquo;Implementation\u0026rdquo;, \u0026ldquo;GIT\u0026rdquo; ] date: 2018-03-25T22:00:16+02:00 weight: 1 Installation \u0026hellip; Configuration git rm \u0026ndash;cached config.yaml Run \u0026hellip; Links \u0026hellip;\n  "
},
{
	"uri": "/databases/3-implementation/",
	"title": "3-Implementation : ...",
	"tags": ["Implementation", "..."],
	"description": "Implementation : ...",
	"content": "  Implementation : couchbase Implementation : couchbase\n  Implementation : elasticsearch Implementation : elasticsearch\n  "
},
{
	"uri": "/managementtools/3-implementation/",
	"title": "3-Implementation : Monitoring",
	"tags": ["monitoring", "implementation"],
	"description": "Implementation : Alertmanager, Cadvisor, Blackbox, Prometheus",
	"content": " Monitoring  Implementation : ansible Implementation : ansible\n  Implementation Prometheus Time Series Database\n  Implementation Cadvisor Collecteur des metrics des containeurs\n  Implementation Grafana Visualisation des métriques\n  Implementation Alert Alert on metrics\n  "
},
{
	"uri": "/managementtools/3-implementation/prometheus/",
	"title": "Implementation Prometheus",
	"tags": ["monitoring", "implementation", "prometheus"],
	"description": "Time Series Database",
	"content": " Prometheus : Time Series Database Centralisation des metrics dans une time serie database :\n machine viruelle ou physique container docker FN server  Lien prometheus Prometheus\nLien cadvisor Cadvisor \nLien Node exporter Node exporter \nRun /opt/docker-prometheus/menu.sh  build deploy  "
},
{
	"uri": "/managementtools/3-implementation/cadvisor/",
	"title": "Implementation Cadvisor",
	"tags": ["monitoring", "implementation", "cadvisor"],
	"description": "Collecteur des metrics des containeurs",
	"content": " Récolte les métriques des containeurs.\nLien Portainer Cadvisor \nRun / Github  Github\ngit clone https://github.com/patrickalin/docker-cadvisor.gitcd /opt/docker-cadvisor/menu.sh  build deploy  Image google/cadvisor\n Insert localtime pour avoir le container avec la bonne date L\u0026rsquo;authentification est déjà dans l\u0026rsquo;application : par l\u0026rsquo;entrypoint et le fichier htpasswd Le healtcheck fonctionne  Docker-compose  /:/rootfs:ro /var/run:/var/run:rw /sys:/sys:ro /var/lib/docker/:/var/lib/docker:ro /dev/disk/:/dev/disk:ro  "
},
{
	"uri": "/managementtools/3-implementation/grafana/",
	"title": "Implementation Grafana",
	"tags": ["monitoring", "implementation", "grafana"],
	"description": "Visualisation des métriques",
	"content": " Lien grafana Grafana \nGrafana : Visualisation TSDB count(rate(container_last_seen{name=~\u0026#34;.+\u0026#34;}[$interval]))"
},
{
	"uri": "/managementtools/3-implementation/alert/",
	"title": "Implementation Alert",
	"tags": ["monitoring", "implementation", "alertmanager"],
	"description": "Alert on metrics",
	"content": " Alertmanager / blackbox  Alerting  Lien alertmanager Alertmanager \nLien blackbox Blackbox \nRun cd /opt/docker-prometheus/menu.sh  build deploy  "
},
{
	"uri": "/_footer/",
	"title": "",
	"tags": [],
	"description": "",
	"content": "Patrick Alin\n"
},
{
	"uri": "/developertools/3-implementation/implementationgit/",
	"title": "",
	"tags": [],
	"description": "",
	"content": " title: \u0026ldquo;Implementation : GIT\u0026rdquo; description: \u0026ldquo;Implementation : GIT\u0026rdquo; tags: [ \u0026ldquo;Implementation\u0026rdquo;, \u0026ldquo;GIT\u0026rdquo; ] date: 2018-03-25T22:00:16+02:00\nweight: 1 Installation \u0026hellip;\nConfiguration git rm \u0026ndash;cached config.yaml\nRun \u0026hellip;\nLinks \u0026hellip;\n"
},
{
	"uri": "/storage/2-design/designsftp/",
	"title": "",
	"tags": [],
	"description": "",
	"content": " title: \u0026ldquo;Design : SFTP\u0026rdquo; description: \u0026ldquo;Design : SFTP\u0026rdquo; tags: [ \u0026ldquo;Design\u0026rdquo;, \u0026ldquo;SFTP\u0026rdquo; ] date: 2018-03-25T22:00:36+02:00\nweight: 1 Lifecycle \u0026hellip;\nContinuity of operations \u0026hellip;.\nData exchange \u0026hellip;\nRoles \u0026hellip;\nConstraints \u0026hellip;\nSizing \u0026hellip;\n"
},
{
	"uri": "/tags/.../",
	"title": "...",
	"tags": [],
	"description": "",
	"content": ""
},
{
	"uri": "/tags/ai/",
	"title": "Ai",
	"tags": [],
	"description": "",
	"content": ""
},
{
	"uri": "/categories/alert/",
	"title": "Alert",
	"tags": [],
	"description": "",
	"content": ""
},
{
	"uri": "/tags/alert/",
	"title": "Alert",
	"tags": [],
	"description": "",
	"content": ""
},
{
	"uri": "/tags/alertmanager/",
	"title": "Alertmanager",
	"tags": [],
	"description": "",
	"content": ""
},
{
	"uri": "/tags/analystics/",
	"title": "Analystics",
	"tags": [],
	"description": "",
	"content": ""
},
{
	"uri": "/tags/analytics/",
	"title": "Analytics",
	"tags": [],
	"description": "",
	"content": ""
},
{
	"uri": "/tags/ansible/",
	"title": "Ansible",
	"tags": [],
	"description": "",
	"content": ""
},
{
	"uri": "/tags/api-manager/",
	"title": "Api Manager",
	"tags": [],
	"description": "",
	"content": ""
},
{
	"uri": "/tags/application-server/",
	"title": "Application Server",
	"tags": [],
	"description": "",
	"content": ""
},
{
	"uri": "/categories/architecture/",
	"title": "Architecture",
	"tags": [],
	"description": "",
	"content": ""
},
{
	"uri": "/tags/authenticate/",
	"title": "Authenticate",
	"tags": [],
	"description": "",
	"content": ""
},
{
	"uri": "/tags/backup/",
	"title": "Backup",
	"tags": [],
	"description": "",
	"content": ""
},
{
	"uri": "/tags/bam/",
	"title": "Bam",
	"tags": [],
	"description": "",
	"content": ""
},
{
	"uri": "/tags/batch/",
	"title": "Batch",
	"tags": [],
	"description": "",
	"content": ""
},
{
	"uri": "/tags/big-data/",
	"title": "Big Data",
	"tags": [],
	"description": "",
	"content": ""
},
{
	"uri": "/tags/bigdata/",
	"title": "Bigdata",
	"tags": [],
	"description": "",
	"content": ""
},
{
	"uri": "/tags/bind/",
	"title": "Bind",
	"tags": [],
	"description": "",
	"content": ""
},
{
	"uri": "/tags/caas/",
	"title": "Caas",
	"tags": [],
	"description": "",
	"content": ""
},
{
	"uri": "/tags/cache/",
	"title": "Cache",
	"tags": [],
	"description": "",
	"content": ""
},
{
	"uri": "/tags/cadvisor/",
	"title": "Cadvisor",
	"tags": [],
	"description": "",
	"content": ""
},
{
	"uri": "/categories/",
	"title": "Categories",
	"tags": [],
	"description": "",
	"content": ""
},
{
	"uri": "/tags/centos/",
	"title": "Centos",
	"tags": [],
	"description": "",
	"content": ""
},
{
	"uri": "/tags/certificat/",
	"title": "Certificat",
	"tags": [],
	"description": "",
	"content": ""
},
{
	"uri": "/tags/certificats/",
	"title": "Certificats",
	"tags": [],
	"description": "",
	"content": ""
},
{
	"uri": "/tags/ci/",
	"title": "Ci",
	"tags": [],
	"description": "",
	"content": ""
},
{
	"uri": "/tags/compute/",
	"title": "Compute",
	"tags": [],
	"description": "",
	"content": ""
},
{
	"uri": "/tags/content-delivery/",
	"title": "Content Delivery",
	"tags": [],
	"description": "",
	"content": ""
},
{
	"uri": "/tags/contentdelivery/",
	"title": "Contentdelivery",
	"tags": [],
	"description": "",
	"content": ""
},
{
	"uri": "/tags/couchbase/",
	"title": "Couchbase",
	"tags": [],
	"description": "",
	"content": ""
},
{
	"uri": "/credits/",
	"title": "Credits",
	"tags": [],
	"description": "Contributors",
	"content": " Other contribution  @patrickalin   Site Web Patrick Alin  \n"
},
{
	"uri": "/tags/crypto/",
	"title": "Crypto",
	"tags": [],
	"description": "",
	"content": ""
},
{
	"uri": "/tags/databases/",
	"title": "Databases",
	"tags": [],
	"description": "",
	"content": ""
},
{
	"uri": "/tags/ddos/",
	"title": "Ddos",
	"tags": [],
	"description": "",
	"content": ""
},
{
	"uri": "/categories/design/",
	"title": "Design",
	"tags": [],
	"description": "",
	"content": ""
},
{
	"uri": "/tags/design/",
	"title": "Design",
	"tags": [],
	"description": "",
	"content": ""
},
{
	"uri": "/tags/developer-tools/",
	"title": "Developer Tools",
	"tags": [],
	"description": "",
	"content": ""
},
{
	"uri": "/tags/dns/",
	"title": "Dns",
	"tags": [],
	"description": "",
	"content": ""
},
{
	"uri": "/tags/docker/",
	"title": "Docker",
	"tags": [],
	"description": "",
	"content": ""
},
{
	"uri": "/tags/elasticsearch/",
	"title": "Elasticsearch",
	"tags": [],
	"description": "",
	"content": ""
},
{
	"uri": "/tags/etl/",
	"title": "Etl",
	"tags": [],
	"description": "",
	"content": ""
},
{
	"uri": "/tags/etl-opentracing/",
	"title": "Etl Opentracing",
	"tags": [],
	"description": "",
	"content": ""
},
{
	"uri": "/tags/event-grid/",
	"title": "Event Grid",
	"tags": [],
	"description": "",
	"content": ""
},
{
	"uri": "/tags/firewall/",
	"title": "Firewall",
	"tags": [],
	"description": "",
	"content": ""
},
{
	"uri": "/tags/git/",
	"title": "Git",
	"tags": [],
	"description": "",
	"content": ""
},
{
	"uri": "/tags/git-ci/",
	"title": "Git Ci",
	"tags": [],
	"description": "",
	"content": ""
},
{
	"uri": "/tags/grafana/",
	"title": "Grafana",
	"tags": [],
	"description": "",
	"content": ""
},
{
	"uri": "/tags/graph/",
	"title": "Graph",
	"tags": [],
	"description": "",
	"content": ""
},
{
	"uri": "/tags/hadoop/",
	"title": "Hadoop",
	"tags": [],
	"description": "",
	"content": ""
},
{
	"uri": "/tags/haproxy/",
	"title": "Haproxy",
	"tags": [],
	"description": "",
	"content": ""
},
{
	"uri": "/tags/hsm/",
	"title": "Hsm",
	"tags": [],
	"description": "",
	"content": ""
},
{
	"uri": "/tags/hugo/",
	"title": "Hugo",
	"tags": [],
	"description": "",
	"content": ""
},
{
	"uri": "/tags/implementation/",
	"title": "Implementation",
	"tags": [],
	"description": "",
	"content": ""
},
{
	"uri": "/tags/iot/",
	"title": "Iot",
	"tags": [],
	"description": "",
	"content": ""
},
{
	"uri": "/tags/iptable/",
	"title": "Iptable",
	"tags": [],
	"description": "",
	"content": ""
},
{
	"uri": "/tags/jboss/",
	"title": "Jboss",
	"tags": [],
	"description": "",
	"content": ""
},
{
	"uri": "/tags/kibana/",
	"title": "Kibana",
	"tags": [],
	"description": "",
	"content": ""
},
{
	"uri": "/tags/kong/",
	"title": "Kong",
	"tags": [],
	"description": "",
	"content": ""
},
{
	"uri": "/tags/kubernetes/",
	"title": "Kubernetes",
	"tags": [],
	"description": "",
	"content": ""
},
{
	"uri": "/tags/lb/",
	"title": "Lb",
	"tags": [],
	"description": "",
	"content": ""
},
{
	"uri": "/tags/linux/",
	"title": "Linux",
	"tags": [],
	"description": "",
	"content": ""
},
{
	"uri": "/tags/logs/",
	"title": "Logs",
	"tags": [],
	"description": "",
	"content": ""
},
{
	"uri": "/tags/memcache/",
	"title": "Memcache",
	"tags": [],
	"description": "",
	"content": ""
},
{
	"uri": "/tags/metrics/",
	"title": "Metrics",
	"tags": [],
	"description": "",
	"content": ""
},
{
	"uri": "/tags/minio/",
	"title": "Minio",
	"tags": [],
	"description": "",
	"content": ""
},
{
	"uri": "/tags/mobile/",
	"title": "Mobile",
	"tags": [],
	"description": "",
	"content": ""
},
{
	"uri": "/tags/monitoring/",
	"title": "Monitoring",
	"tags": [],
	"description": "",
	"content": ""
},
{
	"uri": "/tags/nats-streaming/",
	"title": "Nats Streaming",
	"tags": [],
	"description": "",
	"content": ""
},
{
	"uri": "/tags/network/",
	"title": "Network",
	"tags": [],
	"description": "",
	"content": ""
},
{
	"uri": "/tags/nginx/",
	"title": "Nginx",
	"tags": [],
	"description": "",
	"content": ""
},
{
	"uri": "/tags/office/",
	"title": "Office",
	"tags": [],
	"description": "",
	"content": ""
},
{
	"uri": "/",
	"title": "Patrick Alin site",
	"tags": [],
	"description": "",
	"content": " SSB Site  Implementation : iptable Implementation : Iptable\n  Design : Certificat Design : Certificat\n  Design : HSM Design : HSM\n  RA : Authenticate Reference Architecture : Authenticate\n  RA : Certificats Reference Architecture : Certificat\n  RA : Crypto Reference Architecture : Crypto\n  RA : Vault Reference Architecture : Vault\n  RA : firewall Reference Architecture : firewall\n  Security Authenticate, Certificats, Crypto, Firewall, Vault\n  Design : Bigdata Bigdata\n  Design : ETL ETL\n  Design : OpenTracing OpenTracing\n  Implementation : Hadoop Implementation : Hadoop\n  Implementation : Kibana Implementation : Kibana\n  RA : AI Reference Architecture : AI\n  RA : Analytics Reference Architecture : Analytics\n  RA : BAM Reference Architecture : business application monitoring\n  RA : BigData Reference Architecture : BigData\n  Analytics AI, Business Application Monitoring, Big Data\n  Management Tools Monitoring, Alertmanager, Cadvisor, Blackbox, Prometheus\n  Design : mobile Design : mobile\n  RA : mobile Reference Architecture : mobile\n  Mobile Mobile\n  IOT IOT\n  Implementation : nginx Implementation : nginx\n  Implementation : traefik Implementation : traefik\n  Design : API Manager Design : API Manager\n  Design : Event Grid Design : Event Grid\n  Design : RP Design : Reverse Proxy\n  RA : content delivery Reference Architecture : content delivery\n  Content Delivery Reverse proxy, API Manager\n  Design : DNS Design : DNS\n  Design : Load Balancer Design : Load Balancer\n  Design : Proxy Design : Proxy\n  Design : Trafic Manager Design : Trafic Manager\n  Design : VPN. Design : VPN\n  Implementation : Route 53 Implementation : Route 53\n  Implementation : Squid Implementation : Squid\n  RA : network Reference Architecture : network\n  Network DNS, Proxy, VPN\n  Implementation : centos Implementation : centos\n  Implementation : docker Implementation : docker\n  Implementation : kubernetes Implementation : kubernetes\n  Implementation : vmWare Implementation : vmWare\n  Design : ... Design : container\n  Design : ... Design : serverless\n  Design : ... Design : vm\n  Design : Linux Design : Linux\n  RA : CAAS Reference Architecture : Container As A Service\n  RA : Compute Reference Architecture : compute\n  RA : Serverless Reference Architecture : serveless\n  RA : VM Reference Architecture : virtual machine\n  Compute compute, container, virtual machine, physical machine\n  Design : ... Design : Directory\n  Design : ... Design : File Server\n  Design : ... Design : Mail\n  Design : ... Design : Print Server\n  Design : ... Design : VOIP\n  Implementation : ... Implementation : Active Directory\n  RA : ... Reference Architecture : ...\n  Office Mail, Print server, File Server, Directory\n  Design : ... Design : Application Server\n  Design : Static Web Generator Design : Static Web Generator\n  Implementation : Hugo Implementation : Hugo\n  Implementation : JBoss Implementation : JBoss\n  Implementation : Nginx Implementation : Nginx\n  RA : batch Reference Architecture : batch\n  RA : microservice Reference Architecture : microservice\n  RA : portal Reference Architecture : portal\n  RA : webserver Reference Architecture : webserver\n  Software Microservice, Webservice\n  Implementation : HAProxy Implementation : HAProxy\n  Implementation : Nats Streaming Implementation : Nats Streaming\n  Implementation : kong Implementation : kong\n  Implementation : Hadoop Implementation : Hadoop\n  Implementation : VEAM Implementation : VEAM\n  Implementation : minio Implementation : minio\n  Design : S3 Design : S3\n  Design : S3 Design : S3\n  Design : SAN Design : SAN\n  RA : storage Reference Architecture : Archiving\n  RA : storage Reference Architecture : backup\n  RA : storage Reference Architecture : storage\n  Storage NFS, S3\n  Design : ... Design : Source Controle Management\n  Design : Software factory Design : COntinuous Integration\n  Implementation : GIT-CI Implementation : GIT-CI\n  Design : Registry Design : Registry\n  Implementation : ... Implementation : ...\n  RA : ... Reference Architecture : ...\n  Developer Tools Software Factory : SCM, Git, CI\n  Design : ... Design : ...\n  Implementation : couchbase Implementation : couchbase\n  Implementation : elasticsearch Implementation : elasticsearch\n  RA : ... Reference Architecture : NoSQL, Cache\n  RA : database Reference Architecture : cache\n  RA : database Reference Architecture : cache\n  Databases couchBase, Elasticsearch\n  Implementation : ansible Implementation : ansible\n  Design : logs applicatifs Design : logs applicatifs\n  Design : security logs Design : security logs\n  RA : Logs Reference Architecture : Logs\n  Architecture Metrics Collector Metrics : Time Series Database\n  Architecture Alert Alerting : Email, Sms, Webhook, ...\n  Architecture Graph Display metrics\n  Design Metrics Collector Metrics : Time Series Database\n  Design Alert Alerting : Email, Sms, Webhook, ...\n  Design Graph Display metrics\n  Implementation Prometheus Time Series Database\n  Implementation Cadvisor Collecteur des metrics des containeurs\n  Implementation Grafana Visualisation des métriques\n  Implementation Alert Alert on metrics\n   Patrick Alin\n   title: \u0026ldquo;Implementation : GIT\u0026rdquo; description: \u0026ldquo;Implementation : GIT\u0026rdquo; tags: [ \u0026ldquo;Implementation\u0026rdquo;, \u0026ldquo;GIT\u0026rdquo; ] date: 2018-03-25T22:00:16+02:00 weight: 1 Installation \u0026hellip; Configuration git rm \u0026ndash;cached config.yaml Run \u0026hellip; Links \u0026hellip;\n   title: \u0026ldquo;Design : SFTP\u0026rdquo; description: \u0026ldquo;Design : SFTP\u0026rdquo; tags: [ \u0026ldquo;Design\u0026rdquo;, \u0026ldquo;SFTP\u0026rdquo; ] date: 2018-03-25T22:00:36+02:00 weight: 1 Lifecycle \u0026hellip; Continuity of operations \u0026hellip;. Data exchange \u0026hellip; Roles \u0026hellip; Constraints \u0026hellip; Sizing \u0026hellip;\n  Credits Contributors\n  "
},
{
	"uri": "/tags/prometheus/",
	"title": "Prometheus",
	"tags": [],
	"description": "",
	"content": ""
},
{
	"uri": "/tags/proxy/",
	"title": "Proxy",
	"tags": [],
	"description": "",
	"content": ""
},
{
	"uri": "/tags/ra/",
	"title": "Ra",
	"tags": [],
	"description": "",
	"content": ""
},
{
	"uri": "/tags/redis/",
	"title": "Redis",
	"tags": [],
	"description": "",
	"content": ""
},
{
	"uri": "/tags/registry/",
	"title": "Registry",
	"tags": [],
	"description": "",
	"content": ""
},
{
	"uri": "/tags/route-53/",
	"title": "Route 53",
	"tags": [],
	"description": "",
	"content": ""
},
{
	"uri": "/tags/route53/",
	"title": "Route53",
	"tags": [],
	"description": "",
	"content": ""
},
{
	"uri": "/tags/rp/",
	"title": "Rp",
	"tags": [],
	"description": "",
	"content": ""
},
{
	"uri": "/tags/s3/",
	"title": "S3",
	"tags": [],
	"description": "",
	"content": ""
},
{
	"uri": "/tags/san/",
	"title": "San",
	"tags": [],
	"description": "",
	"content": ""
},
{
	"uri": "/tags/security/",
	"title": "Security",
	"tags": [],
	"description": "",
	"content": ""
},
{
	"uri": "/tags/serverless/",
	"title": "Serverless",
	"tags": [],
	"description": "",
	"content": ""
},
{
	"uri": "/tags/sftp/",
	"title": "Sftp",
	"tags": [],
	"description": "",
	"content": ""
},
{
	"uri": "/tags/software/",
	"title": "Software",
	"tags": [],
	"description": "",
	"content": ""
},
{
	"uri": "/tags/softwarefactory/",
	"title": "Softwarefactory",
	"tags": [],
	"description": "",
	"content": ""
},
{
	"uri": "/tags/squid/",
	"title": "Squid",
	"tags": [],
	"description": "",
	"content": ""
},
{
	"uri": "/tags/static-web-generator/",
	"title": "Static Web Generator",
	"tags": [],
	"description": "",
	"content": ""
},
{
	"uri": "/tags/stockage/",
	"title": "Stockage",
	"tags": [],
	"description": "",
	"content": ""
},
{
	"uri": "/tags/storage/",
	"title": "Storage",
	"tags": [],
	"description": "",
	"content": ""
},
{
	"uri": "/tags/",
	"title": "Tags",
	"tags": [],
	"description": "",
	"content": ""
},
{
	"uri": "/tags/traefik/",
	"title": "Traefik",
	"tags": [],
	"description": "",
	"content": ""
},
{
	"uri": "/tags/vault/",
	"title": "Vault",
	"tags": [],
	"description": "",
	"content": ""
},
{
	"uri": "/tags/vaultdb/",
	"title": "Vaultdb",
	"tags": [],
	"description": "",
	"content": ""
},
{
	"uri": "/tags/veam/",
	"title": "Veam",
	"tags": [],
	"description": "",
	"content": ""
},
{
	"uri": "/tags/vm/",
	"title": "Vm",
	"tags": [],
	"description": "",
	"content": ""
},
{
	"uri": "/tags/vmware/",
	"title": "Vmware",
	"tags": [],
	"description": "",
	"content": ""
},
{
	"uri": "/tags/vpn/",
	"title": "Vpn",
	"tags": [],
	"description": "",
	"content": ""
},
{
	"uri": "/tags/web/",
	"title": "Web",
	"tags": [],
	"description": "",
	"content": ""
}]