<?xml version="1.0" encoding="utf-8" standalone="yes" ?>
<rss version="2.0" xmlns:atom="http://www.w3.org/2005/Atom">
  <channel>
    <title>Application Server on Patrick Alin Site</title>
    <link>/tags/application-server/</link>
    <description>Recent content in Application Server on Patrick Alin Site</description>
    <generator>Hugo -- gohugo.io</generator>
    <language>en-us</language>
    <lastBuildDate>Sun, 25 Mar 2018 22:02:45 +0200</lastBuildDate>
    
	<atom:link href="/tags/application-server/index.xml" rel="self" type="application/rss+xml" />
    
    
    <item>
      <title>1-RA : Application server</title>
      <link>/software/1-architecture/</link>
      <pubDate>Sun, 25 Mar 2018 22:02:45 +0200</pubDate>
      
      <guid>/software/1-architecture/</guid>
      <description>  RA : batch Reference Architecture : batch
  RA : microservice Reference Architecture : microservice
  RA : portal Reference Architecture : portal
  RA : webserver Reference Architecture : webserver
  </description>
    </item>
    
    <item>
      <title>Software</title>
      <link>/software/</link>
      <pubDate>Sun, 25 Mar 2018 22:02:45 +0200</pubDate>
      
      <guid>/software/</guid>
      <description>  1-RA : Application server Reference Architecture : Application server
  2-Design : software Design : application server, web static generator
  3-Implementation : software Implementation : software
  </description>
    </item>
    
    <item>
      <title>2-Design : software</title>
      <link>/software/2-design/</link>
      <pubDate>Sun, 25 Mar 2018 22:02:46 +0200</pubDate>
      
      <guid>/software/2-design/</guid>
      <description>  Design : ... Design : Application Server
  Design : Static Web Generator Design : Static Web Generator
  </description>
    </item>
    
  </channel>
</rss>