<?xml version="1.0" encoding="utf-8" standalone="yes" ?>
<rss version="2.0" xmlns:atom="http://www.w3.org/2005/Atom">
  <channel>
    <title>3-Implementation : Storage on Patrick Alin Site</title>
    <link>/storage/3-implementation/</link>
    <description>Recent content in 3-Implementation : Storage on Patrick Alin Site</description>
    <generator>Hugo -- gohugo.io</generator>
    <language>en-us</language>
    <lastBuildDate>Sun, 25 Mar 2018 22:00:36 +0200</lastBuildDate>
    
	<atom:link href="/storage/3-implementation/index.xml" rel="self" type="application/rss+xml" />
    
    
    <item>
      <title>Implementation : Hadoop</title>
      <link>/storage/3-implementation/implementationhadoop/</link>
      <pubDate>Sun, 25 Mar 2018 22:00:37 +0200</pubDate>
      
      <guid>/storage/3-implementation/implementationhadoop/</guid>
      <description>Installation &amp;hellip;
Configuration Run &amp;hellip;
Links &amp;hellip;</description>
    </item>
    
    <item>
      <title>Implementation : VEAM</title>
      <link>/storage/3-implementation/implementationveam/</link>
      <pubDate>Sun, 25 Mar 2018 22:00:37 +0200</pubDate>
      
      <guid>/storage/3-implementation/implementationveam/</guid>
      <description>Installation &amp;hellip;
Configuration Run &amp;hellip;
Links &amp;hellip;</description>
    </item>
    
    <item>
      <title>Implementation : minio</title>
      <link>/storage/3-implementation/implementationminio/</link>
      <pubDate>Sun, 25 Mar 2018 22:00:37 +0200</pubDate>
      
      <guid>/storage/3-implementation/implementationminio/</guid>
      <description>Installation &amp;hellip;
Configuration Run &amp;hellip;
Links &amp;hellip;</description>
    </item>
    
  </channel>
</rss>