<?xml version="1.0" encoding="utf-8" standalone="yes" ?>
<rss version="2.0" xmlns:atom="http://www.w3.org/2005/Atom">
  <channel>
    <title>Analytics on Patrick Alin Site</title>
    <link>/tags/analytics/</link>
    <description>Recent content in Analytics on Patrick Alin Site</description>
    <generator>Hugo -- gohugo.io</generator>
    <language>en-us</language>
    <lastBuildDate>Sun, 25 Mar 2018 22:56:29 +0200</lastBuildDate>
    
	<atom:link href="/tags/analytics/index.xml" rel="self" type="application/rss+xml" />
    
    
    <item>
      <title>RA : Analytics</title>
      <link>/analytics/1-architecture/aranalytics/</link>
      <pubDate>Sun, 25 Mar 2018 22:56:29 +0200</pubDate>
      
      <guid>/analytics/1-architecture/aranalytics/</guid>
      <description>Use cases &amp;hellip;
Requirements &amp;hellip;
Interfaces/ interconnections &amp;hellip;
Data &amp;hellip;
Security &amp;hellip;
DRP &amp;hellip;
Link to others RA &amp;hellip;</description>
    </item>
    
    <item>
      <title>Analytics</title>
      <link>/analytics/</link>
      <pubDate>Sun, 25 Mar 2018 22:56:27 +0200</pubDate>
      
      <guid>/analytics/</guid>
      <description>  1-Ref Arch : Analytics Reference Architecture : Big Data, Business Application Monitoring, Big Data
  2-Design : Analytics Design : ETL, Opentracing, BAM
  3-Implementation : Analytics Implementation : Kibana, Hadoop
  </description>
    </item>
    
  </channel>
</rss>