<?xml version="1.0" encoding="utf-8" standalone="yes" ?>
<rss version="2.0" xmlns:atom="http://www.w3.org/2005/Atom">
  <channel>
    <title>1-RA : compute on Patrick Alin Site</title>
    <link>/compute/1-architecture/</link>
    <description>Recent content in 1-RA : compute on Patrick Alin Site</description>
    <generator>Hugo -- gohugo.io</generator>
    <language>en-us</language>
    <lastBuildDate>Sun, 25 Mar 2018 22:26:20 +0200</lastBuildDate>
    
	<atom:link href="/compute/1-architecture/index.xml" rel="self" type="application/rss+xml" />
    
    
    <item>
      <title>RA : CAAS</title>
      <link>/compute/1-architecture/arcaas/</link>
      <pubDate>Sun, 25 Mar 2018 22:26:21 +0200</pubDate>
      
      <guid>/compute/1-architecture/arcaas/</guid>
      <description>Use cases &amp;hellip;
Requirements &amp;hellip;
Interfaces/ interconnections &amp;hellip;
Data &amp;hellip;
Security &amp;hellip;
DRP &amp;hellip;
Link to others RA &amp;hellip;</description>
    </item>
    
    <item>
      <title>RA : Compute</title>
      <link>/compute/1-architecture/arcompute/</link>
      <pubDate>Sun, 25 Mar 2018 22:26:21 +0200</pubDate>
      
      <guid>/compute/1-architecture/arcompute/</guid>
      <description>Use cases &amp;hellip;
Requirements &amp;hellip;
Interfaces/ interconnections &amp;hellip;
Data &amp;hellip;
Security &amp;hellip;
DRP &amp;hellip;
Link to others RA &amp;hellip;</description>
    </item>
    
    <item>
      <title>RA : Serverless</title>
      <link>/compute/1-architecture/arserverless/</link>
      <pubDate>Sun, 25 Mar 2018 22:26:21 +0200</pubDate>
      
      <guid>/compute/1-architecture/arserverless/</guid>
      <description>Use cases &amp;hellip;
Requirements &amp;hellip;
Interfaces/ interconnections &amp;hellip;
Data &amp;hellip;
Security &amp;hellip;
DRP &amp;hellip;
Link to others RA &amp;hellip;</description>
    </item>
    
    <item>
      <title>RA : VM</title>
      <link>/compute/1-architecture/arvm/</link>
      <pubDate>Sun, 25 Mar 2018 22:26:21 +0200</pubDate>
      
      <guid>/compute/1-architecture/arvm/</guid>
      <description>Use cases &amp;hellip;
Requirements &amp;hellip;
Interfaces/ interconnections &amp;hellip;
Data &amp;hellip;
Security &amp;hellip;
DRP &amp;hellip;
Link to others RA &amp;hellip;</description>
    </item>
    
  </channel>
</rss>