<?xml version="1.0" encoding="utf-8" standalone="yes" ?>
<rss version="2.0" xmlns:atom="http://www.w3.org/2005/Atom">
  <channel>
    <title>Content Delivery on Patrick Alin Site</title>
    <link>/tags/content-delivery/</link>
    <description>Recent content in Content Delivery on Patrick Alin Site</description>
    <generator>Hugo -- gohugo.io</generator>
    <language>en-us</language>
    <lastBuildDate>Sun, 25 Mar 2018 22:36:53 +0200</lastBuildDate>
    
	<atom:link href="/tags/content-delivery/index.xml" rel="self" type="application/rss+xml" />
    
    
    <item>
      <title>RA : content delivery</title>
      <link>/contentdelivery/1-architecture/arcontentdelivery/</link>
      <pubDate>Sun, 25 Mar 2018 22:36:53 +0200</pubDate>
      
      <guid>/contentdelivery/1-architecture/arcontentdelivery/</guid>
      <description>Use cases &amp;hellip;
Requirements &amp;hellip;
Interfaces/ interconnections &amp;hellip;
Data &amp;hellip;
Security &amp;hellip;
DRP &amp;hellip;
Link to others RA &amp;hellip;</description>
    </item>
    
    <item>
      <title>1-RA : content delivery</title>
      <link>/contentdelivery/1-architecture/</link>
      <pubDate>Sun, 25 Mar 2018 22:36:52 +0200</pubDate>
      
      <guid>/contentdelivery/1-architecture/</guid>
      <description>  RA : content delivery Reference Architecture : content delivery
  </description>
    </item>
    
  </channel>
</rss>