<?xml version="1.0" encoding="utf-8" standalone="yes" ?>
<rss version="2.0" xmlns:atom="http://www.w3.org/2005/Atom">
  <channel>
    <title>Storage on Patrick Alin Site</title>
    <link>/storage/</link>
    <description>Recent content in Storage on Patrick Alin Site</description>
    <generator>Hugo -- gohugo.io</generator>
    <language>en-us</language>
    <lastBuildDate>Sun, 25 Mar 2018 22:00:35 +0200</lastBuildDate>
    
	<atom:link href="/storage/index.xml" rel="self" type="application/rss+xml" />
    
    
  </channel>
</rss>