<?xml version="1.0" encoding="utf-8" standalone="yes" ?>
<rss version="2.0" xmlns:atom="http://www.w3.org/2005/Atom">
  <channel>
    <title>1-Ref Archi : Monitoring on Patrick Alin Site</title>
    <link>/managementtools/1-architecture/</link>
    <description>Recent content in 1-Ref Archi : Monitoring on Patrick Alin Site</description>
    <generator>Hugo -- gohugo.io</generator>
    <language>en-us</language>
    <lastBuildDate>Fri, 23 Mar 2018 00:00:00 +0000</lastBuildDate>
    
	<atom:link href="/managementtools/1-architecture/index.xml" rel="self" type="application/rss+xml" />
    
    
    <item>
      <title>RA : Logs</title>
      <link>/managementtools/1-architecture/arlogs/</link>
      <pubDate>Sun, 25 Mar 2018 21:49:55 +0200</pubDate>
      
      <guid>/managementtools/1-architecture/arlogs/</guid>
      <description>Use cases &amp;hellip;
Requirements &amp;hellip;
Interfaces/ interconnections &amp;hellip;
Data &amp;hellip;
Security &amp;hellip;
DRP &amp;hellip;
Link to others RA &amp;hellip;</description>
    </item>
    
    <item>
      <title>Architecture Metrics Collector</title>
      <link>/managementtools/1-architecture/armetrics/</link>
      <pubDate>Fri, 23 Mar 2018 00:00:00 +0000</pubDate>
      
      <guid>/managementtools/1-architecture/armetrics/</guid>
      <description>Use cases Monitor infrastructure systems. Monitor services.
Requirements What would you like to monitor ?
 Application  Available (up, down) Response time (x ms)   For application, it&amp;rsquo;s preferable to use a Business Application Monitoring based on Opentracing.
  OS from Physical, VM, Docker  Load Disk Network Up and Down   Who need of this metrics ?
 Alert application Graph application  Interfaces/ interconnections  Possible to export data with API.</description>
    </item>
    
    <item>
      <title>Architecture Alert</title>
      <link>/managementtools/1-architecture/aralert/</link>
      <pubDate>Fri, 23 Mar 2018 00:00:00 +0000</pubDate>
      
      <guid>/managementtools/1-architecture/aralert/</guid>
      <description>Use cases Send alert when treeshold of metrics.
Requirements Each time that there is a problem (treeshold), one alarm is generated.
 Send a email to one mailbox Admin Display alarm on one page for everybody  Type alert:
 mail webhook  Interfaces/ interconnections Possible to send mail. Possible to call webhok.
Data Is necessary to save each alarm for example save mail from the mailbox.
Security No security, alarm are open for every body.</description>
    </item>
    
    <item>
      <title>Architecture Graph</title>
      <link>/managementtools/1-architecture/argraph/</link>
      <pubDate>Fri, 23 Mar 2018 00:00:00 +0000</pubDate>
      
      <guid>/managementtools/1-architecture/argraph/</guid>
      <description> Use cases Display metrics.
Requirements Graph is only when there is a problem. Nobody have to look graph.
Interfaces/ interconnections Data From the retention of metrics.
Security No security to read graph, opent to everybody. Security to modify graph.
DRP Mean time to recovery (MTTR) : 1 hour
Link to others RA </description>
    </item>
    
  </channel>
</rss>