<?xml version="1.0" encoding="utf-8" standalone="yes" ?>
<rss version="2.0" xmlns:atom="http://www.w3.org/2005/Atom">
  <channel>
    <title>Bind on Patrick Alin Site</title>
    <link>/tags/bind/</link>
    <description>Recent content in Bind on Patrick Alin Site</description>
    <generator>Hugo -- gohugo.io</generator>
    <language>en-us</language>
    <lastBuildDate>Sun, 25 Mar 2018 22:33:21 +0200</lastBuildDate>
    
	<atom:link href="/tags/bind/index.xml" rel="self" type="application/rss+xml" />
    
    
    <item>
      <title>3-Implementation : Network</title>
      <link>/network/3-implementation/</link>
      <pubDate>Sun, 25 Mar 2018 22:33:21 +0200</pubDate>
      
      <guid>/network/3-implementation/</guid>
      <description>  Implementation : Route 53 Implementation : Route 53
  Implementation : Squid Implementation : Squid
  </description>
    </item>
    
  </channel>
</rss>