<?xml version="1.0" encoding="utf-8" standalone="yes" ?>
<rss version="2.0" xmlns:atom="http://www.w3.org/2005/Atom">
  <channel>
    <title>Dns on Patrick Alin Site</title>
    <link>/tags/dns/</link>
    <description>Recent content in Dns on Patrick Alin Site</description>
    <generator>Hugo -- gohugo.io</generator>
    <language>en-us</language>
    <lastBuildDate>Sun, 25 Mar 2018 22:33:22 +0200</lastBuildDate>
    
	<atom:link href="/tags/dns/index.xml" rel="self" type="application/rss+xml" />
    
    
    <item>
      <title>Design : DNS</title>
      <link>/network/2-design/designdns/</link>
      <pubDate>Sun, 25 Mar 2018 22:33:22 +0200</pubDate>
      
      <guid>/network/2-design/designdns/</guid>
      <description>Lifecycle &amp;hellip;
Continuity of operations &amp;hellip;.
Data exchange &amp;hellip;
Roles &amp;hellip;
Constraints &amp;hellip;
Sizing &amp;hellip;</description>
    </item>
    
    <item>
      <title>2-Design : network</title>
      <link>/network/2-design/</link>
      <pubDate>Sun, 25 Mar 2018 22:33:21 +0200</pubDate>
      
      <guid>/network/2-design/</guid>
      <description>  Design : DNS Design : DNS
  Design : Load Balancer Design : Load Balancer
  Design : Proxy Design : Proxy
  Design : Trafic Manager Design : Trafic Manager
  Design : VPN. Design : VPN
  </description>
    </item>
    
  </channel>
</rss>