<?xml version="1.0" encoding="utf-8" standalone="yes" ?>
<rss version="2.0" xmlns:atom="http://www.w3.org/2005/Atom">
  <channel>
    <title>2-Design : content delivery on Patrick Alin Site</title>
    <link>/contentdelivery/2-design/</link>
    <description>Recent content in 2-Design : content delivery on Patrick Alin Site</description>
    <generator>Hugo -- gohugo.io</generator>
    <language>en-us</language>
    <lastBuildDate>Sun, 25 Mar 2018 22:36:52 +0200</lastBuildDate>
    
	<atom:link href="/contentdelivery/2-design/index.xml" rel="self" type="application/rss+xml" />
    
    
    <item>
      <title>Design : API Manager</title>
      <link>/contentdelivery/2-design/designapimanager/</link>
      <pubDate>Sun, 25 Mar 2018 22:36:53 +0200</pubDate>
      
      <guid>/contentdelivery/2-design/designapimanager/</guid>
      <description>Lifecycle &amp;hellip;
Continuity of operations &amp;hellip;.
Data exchange &amp;hellip;
Roles &amp;hellip;
Constraints &amp;hellip;
Sizing &amp;hellip;</description>
    </item>
    
    <item>
      <title>Design : Event Grid</title>
      <link>/contentdelivery/2-design/designeventsgrid/</link>
      <pubDate>Sun, 25 Mar 2018 22:36:53 +0200</pubDate>
      
      <guid>/contentdelivery/2-design/designeventsgrid/</guid>
      <description>Lifecycle &amp;hellip;
Continuity of operations &amp;hellip;.
Data exchange &amp;hellip;
Roles &amp;hellip;
Constraints &amp;hellip;
Sizing &amp;hellip;</description>
    </item>
    
    <item>
      <title>Design : RP</title>
      <link>/contentdelivery/2-design/designreverseproxy/</link>
      <pubDate>Sun, 25 Mar 2018 22:36:53 +0200</pubDate>
      
      <guid>/contentdelivery/2-design/designreverseproxy/</guid>
      <description>Lifecycle &amp;hellip;
Continuity of operations &amp;hellip;.
Data exchange &amp;hellip;
Roles &amp;hellip;
Constraints &amp;hellip;
Sizing &amp;hellip;</description>
    </item>
    
  </channel>
</rss>