<?xml version="1.0" encoding="utf-8" standalone="yes" ?>
<rss version="2.0" xmlns:atom="http://www.w3.org/2005/Atom">
  <channel>
    <title>Design on Patrick Alin Site</title>
    <link>/categories/design/</link>
    <description>Recent content in Design on Patrick Alin Site</description>
    <generator>Hugo -- gohugo.io</generator>
    <language>en-us</language>
    <lastBuildDate>Fri, 23 Mar 2018 00:00:00 +0000</lastBuildDate>
    
	<atom:link href="/categories/design/index.xml" rel="self" type="application/rss+xml" />
    
    
    <item>
      <title>Design Metrics Collector</title>
      <link>/managementtools/2-design/designmetrics/</link>
      <pubDate>Fri, 23 Mar 2018 00:00:00 +0000</pubDate>
      
      <guid>/managementtools/2-design/designmetrics/</guid>
      <description>  Prometheus Influxdb  Lifecycle Update each month.
Continuity of operations Data exchange Import data from /metrics
Roles  admin : add new connector all : consult data  Constraints Sizing </description>
    </item>
    
  </channel>
</rss>