<?xml version="1.0" encoding="utf-8" standalone="yes" ?>
<rss version="2.0" xmlns:atom="http://www.w3.org/2005/Atom">
  <channel>
    <title>... on Patrick Alin Site</title>
    <link>/tags/.../</link>
    <description>Recent content in ... on Patrick Alin Site</description>
    <generator>Hugo -- gohugo.io</generator>
    <language>en-us</language>
    <lastBuildDate>Sun, 25 Mar 2018 22:26:21 +0200</lastBuildDate>
    
	<atom:link href="/tags/.../index.xml" rel="self" type="application/rss+xml" />
    
    
    <item>
      <title>Design : ...</title>
      <link>/compute/2-design/designcontainer/</link>
      <pubDate>Sun, 25 Mar 2018 22:26:21 +0200</pubDate>
      
      <guid>/compute/2-design/designcontainer/</guid>
      <description>Lifecycle &amp;hellip;
Continuity of operations &amp;hellip;.
Data exchange &amp;hellip;
Roles &amp;hellip;
Constraints &amp;hellip;
Sizing &amp;hellip;</description>
    </item>
    
    <item>
      <title>Design : ...</title>
      <link>/compute/2-design/designserveless/</link>
      <pubDate>Sun, 25 Mar 2018 22:26:21 +0200</pubDate>
      
      <guid>/compute/2-design/designserveless/</guid>
      <description>Lifecycle &amp;hellip;
Continuity of operations &amp;hellip;.
Data exchange &amp;hellip;
Roles &amp;hellip;
Constraints &amp;hellip;
Sizing &amp;hellip;</description>
    </item>
    
    <item>
      <title>Design : ...</title>
      <link>/compute/2-design/designvm/</link>
      <pubDate>Sun, 25 Mar 2018 22:26:21 +0200</pubDate>
      
      <guid>/compute/2-design/designvm/</guid>
      <description>Lifecycle &amp;hellip;
Continuity of operations &amp;hellip;.
Data exchange &amp;hellip;
Roles &amp;hellip;
Constraints &amp;hellip;
Sizing &amp;hellip;</description>
    </item>
    
    <item>
      <title>RA : Compute</title>
      <link>/compute/1-architecture/arcompute/</link>
      <pubDate>Sun, 25 Mar 2018 22:26:21 +0200</pubDate>
      
      <guid>/compute/1-architecture/arcompute/</guid>
      <description>Use cases &amp;hellip;
Requirements &amp;hellip;
Interfaces/ interconnections &amp;hellip;
Data &amp;hellip;
Security &amp;hellip;
DRP &amp;hellip;
Link to others RA &amp;hellip;</description>
    </item>
    
    <item>
      <title>Design : ...</title>
      <link>/office/2-design/designdirectory/</link>
      <pubDate>Sun, 25 Mar 2018 22:21:50 +0200</pubDate>
      
      <guid>/office/2-design/designdirectory/</guid>
      <description>Lifecycle &amp;hellip;
Continuity of operations &amp;hellip;.
Data exchange &amp;hellip;
Roles &amp;hellip;
Constraints &amp;hellip;
Sizing &amp;hellip;
OpenLDAP Microsoft Active Directory</description>
    </item>
    
    <item>
      <title>Design : ...</title>
      <link>/office/2-design/designfileserver/</link>
      <pubDate>Sun, 25 Mar 2018 22:21:50 +0200</pubDate>
      
      <guid>/office/2-design/designfileserver/</guid>
      <description>Lifecycle &amp;hellip;
Continuity of operations &amp;hellip;.
Data exchange &amp;hellip;
Roles &amp;hellip;
Constraints &amp;hellip;
Sizing &amp;hellip;</description>
    </item>
    
    <item>
      <title>Design : ...</title>
      <link>/office/2-design/designmail/</link>
      <pubDate>Sun, 25 Mar 2018 22:21:50 +0200</pubDate>
      
      <guid>/office/2-design/designmail/</guid>
      <description>Lifecycle &amp;hellip;
Continuity of operations &amp;hellip;.
Data exchange &amp;hellip;
Roles &amp;hellip;
Constraints &amp;hellip;
Sizing &amp;hellip;</description>
    </item>
    
    <item>
      <title>Design : ...</title>
      <link>/office/2-design/designprintserver/</link>
      <pubDate>Sun, 25 Mar 2018 22:21:50 +0200</pubDate>
      
      <guid>/office/2-design/designprintserver/</guid>
      <description>Lifecycle &amp;hellip;
Continuity of operations &amp;hellip;.
Data exchange &amp;hellip;
Roles &amp;hellip;
Constraints &amp;hellip;
Sizing &amp;hellip;</description>
    </item>
    
    <item>
      <title>Design : ...</title>
      <link>/office/2-design/designvoip/</link>
      <pubDate>Sun, 25 Mar 2018 22:21:50 +0200</pubDate>
      
      <guid>/office/2-design/designvoip/</guid>
      <description>Lifecycle &amp;hellip;
Continuity of operations &amp;hellip;.
Data exchange &amp;hellip;
Roles &amp;hellip;
Constraints &amp;hellip;
Sizing &amp;hellip;</description>
    </item>
    
    <item>
      <title>Implementation : ...</title>
      <link>/office/3-implementation/implementationad/</link>
      <pubDate>Sun, 25 Mar 2018 22:21:50 +0200</pubDate>
      
      <guid>/office/3-implementation/implementationad/</guid>
      <description>Installation &amp;hellip;
Configuration Run &amp;hellip;
Links &amp;hellip;</description>
    </item>
    
    <item>
      <title>RA : ...</title>
      <link>/office/1-architecture/arexample/</link>
      <pubDate>Sun, 25 Mar 2018 22:21:50 +0200</pubDate>
      
      <guid>/office/1-architecture/arexample/</guid>
      <description>Use cases &amp;hellip;
Requirements &amp;hellip;
Interfaces/ interconnections &amp;hellip;
Data &amp;hellip;
Security &amp;hellip;
DRP &amp;hellip;
Link to others RA &amp;hellip;</description>
    </item>
    
    <item>
      <title>Design : ...</title>
      <link>/software/2-design/designapplicationserver/</link>
      <pubDate>Sun, 25 Mar 2018 22:02:47 +0200</pubDate>
      
      <guid>/software/2-design/designapplicationserver/</guid>
      <description>Lifecycle &amp;hellip;
Continuity of operations &amp;hellip;.
Data exchange &amp;hellip;
Roles &amp;hellip;
Constraints &amp;hellip;
Sizing &amp;hellip;</description>
    </item>
    
    <item>
      <title>Design : ...</title>
      <link>/developertools/2-design/designscm/</link>
      <pubDate>Sun, 25 Mar 2018 22:00:16 +0200</pubDate>
      
      <guid>/developertools/2-design/designscm/</guid>
      <description>Lifecycle &amp;hellip;
Continuity of operations &amp;hellip;.
Data exchange &amp;hellip;
Roles &amp;hellip;
Constraints &amp;hellip;
Sizing &amp;hellip;</description>
    </item>
    
    <item>
      <title>Implementation : ...</title>
      <link>/developertools/3-implementation/implementationjira/</link>
      <pubDate>Sun, 25 Mar 2018 21:59:33 +0200</pubDate>
      
      <guid>/developertools/3-implementation/implementationjira/</guid>
      <description>Installation &amp;hellip;
Configuration Run &amp;hellip;
Links &amp;hellip;</description>
    </item>
    
    <item>
      <title>RA : ...</title>
      <link>/developertools/1-architecture/ardevelopertools/</link>
      <pubDate>Sun, 25 Mar 2018 21:59:33 +0200</pubDate>
      
      <guid>/developertools/1-architecture/ardevelopertools/</guid>
      <description>Use cases &amp;hellip;
Requirements &amp;hellip;
Interfaces/ interconnections &amp;hellip;
Data &amp;hellip;
Security &amp;hellip;
DRP &amp;hellip;
Link to others RA &amp;hellip;</description>
    </item>
    
    <item>
      <title>Design : ...</title>
      <link>/databases/2-design/designexample/</link>
      <pubDate>Sun, 25 Mar 2018 21:55:27 +0200</pubDate>
      
      <guid>/databases/2-design/designexample/</guid>
      <description>Lifecycle &amp;hellip;
Continuity of operations &amp;hellip;.
Data exchange &amp;hellip;
Roles &amp;hellip;
Constraints &amp;hellip;
Sizing &amp;hellip;</description>
    </item>
    
    <item>
      <title>RA : ...</title>
      <link>/databases/1-architecture/arnosql/</link>
      <pubDate>Sun, 25 Mar 2018 21:55:27 +0200</pubDate>
      
      <guid>/databases/1-architecture/arnosql/</guid>
      <description>Use cases &amp;hellip;
Requirements &amp;hellip;
Interfaces/ interconnections &amp;hellip;
Data &amp;hellip;
Security &amp;hellip;
DRP &amp;hellip;
Link to others RA &amp;hellip;</description>
    </item>
    
    <item>
      <title>2-Design : ...</title>
      <link>/developertools/2-design/</link>
      <pubDate>Sun, 25 Mar 2018 21:59:32 +0200</pubDate>
      
      <guid>/developertools/2-design/</guid>
      <description>  Design : ... Design : Source Controle Management
  Design : Software factory Design : COntinuous Integration
  Design : Registry Design : Registry
  </description>
    </item>
    
    <item>
      <title>2-Design : ...</title>
      <link>/databases/2-design/</link>
      <pubDate>Sun, 25 Mar 2018 21:55:26 +0200</pubDate>
      
      <guid>/databases/2-design/</guid>
      <description>  Design : ... Design : ...
  </description>
    </item>
    
    <item>
      <title>3-Implementation : ...</title>
      <link>/databases/3-implementation/</link>
      <pubDate>Sun, 25 Mar 2018 21:55:27 +0200</pubDate>
      
      <guid>/databases/3-implementation/</guid>
      <description>  Implementation : couchbase Implementation : couchbase
  Implementation : elasticsearch Implementation : elasticsearch
  </description>
    </item>
    
  </channel>
</rss>