<?xml version="1.0" encoding="utf-8" standalone="yes" ?>
<rss version="2.0" xmlns:atom="http://www.w3.org/2005/Atom">
  <channel>
    <title>2-Design : stockage on Patrick Alin Site</title>
    <link>/storage/2-design/</link>
    <description>Recent content in 2-Design : stockage on Patrick Alin Site</description>
    <generator>Hugo -- gohugo.io</generator>
    <language>en-us</language>
    <lastBuildDate>Sun, 25 Mar 2018 22:00:35 +0200</lastBuildDate>
    
	<atom:link href="/storage/2-design/index.xml" rel="self" type="application/rss+xml" />
    
    
    <item>
      <title>Design : S3</title>
      <link>/storage/2-design/designs3/</link>
      <pubDate>Sun, 25 Mar 2018 22:00:36 +0200</pubDate>
      
      <guid>/storage/2-design/designs3/</guid>
      <description>Lifecycle &amp;hellip;
Continuity of operations &amp;hellip;.
Data exchange &amp;hellip;
Roles &amp;hellip;
Constraints &amp;hellip;
Sizing &amp;hellip;</description>
    </item>
    
    <item>
      <title>Design : S3</title>
      <link>/storage/2-design/designbackup/</link>
      <pubDate>Sun, 25 Mar 2018 22:00:36 +0200</pubDate>
      
      <guid>/storage/2-design/designbackup/</guid>
      <description>Lifecycle &amp;hellip;
Continuity of operations &amp;hellip;.
Data exchange &amp;hellip;
Roles &amp;hellip;
Constraints &amp;hellip;
Sizing &amp;hellip;</description>
    </item>
    
    <item>
      <title>Design : SAN</title>
      <link>/storage/2-design/designsan/</link>
      <pubDate>Sun, 25 Mar 2018 22:00:36 +0200</pubDate>
      
      <guid>/storage/2-design/designsan/</guid>
      <description>Lifecycle &amp;hellip;
Continuity of operations &amp;hellip;.
Data exchange &amp;hellip;
Roles &amp;hellip;
Constraints &amp;hellip;
Sizing &amp;hellip;</description>
    </item>
    
    <item>
      <title></title>
      <link>/storage/2-design/designsftp/</link>
      <pubDate>Mon, 01 Jan 0001 00:00:00 +0000</pubDate>
      
      <guid>/storage/2-design/designsftp/</guid>
      <description>title: &amp;ldquo;Design : SFTP&amp;rdquo; description: &amp;ldquo;Design : SFTP&amp;rdquo; tags: [ &amp;ldquo;Design&amp;rdquo;, &amp;ldquo;SFTP&amp;rdquo; ] date: 2018-03-25T22:00:36+02:00
weight: 1 Lifecycle &amp;hellip;
Continuity of operations &amp;hellip;.
Data exchange &amp;hellip;
Roles &amp;hellip;
Constraints &amp;hellip;
Sizing &amp;hellip;</description>
    </item>
    
  </channel>
</rss>