<?xml version="1.0" encoding="utf-8" standalone="yes" ?>
<rss version="2.0" xmlns:atom="http://www.w3.org/2005/Atom">
  <channel>
    <title>Graph on Patrick Alin Site</title>
    <link>/tags/graph/</link>
    <description>Recent content in Graph on Patrick Alin Site</description>
    <generator>Hugo -- gohugo.io</generator>
    <language>en-us</language>
    <lastBuildDate>Fri, 23 Mar 2018 00:00:00 +0000</lastBuildDate>
    
	<atom:link href="/tags/graph/index.xml" rel="self" type="application/rss+xml" />
    
    
    <item>
      <title>Architecture Graph</title>
      <link>/managementtools/1-architecture/argraph/</link>
      <pubDate>Fri, 23 Mar 2018 00:00:00 +0000</pubDate>
      
      <guid>/managementtools/1-architecture/argraph/</guid>
      <description> Use cases Display metrics.
Requirements Graph is only when there is a problem. Nobody have to look graph.
Interfaces/ interconnections Data From the retention of metrics.
Security No security to read graph, opent to everybody. Security to modify graph.
DRP Mean time to recovery (MTTR) : 1 hour
Link to others RA </description>
    </item>
    
    <item>
      <title>Design Graph</title>
      <link>/managementtools/2-design/designgraph/</link>
      <pubDate>Fri, 23 Mar 2018 00:00:00 +0000</pubDate>
      
      <guid>/managementtools/2-design/designgraph/</guid>
      <description>Graph Graph is only when there is a problem. Nobody have to look graph.
Data From the retention of metrics.
Security No security, graph are open for everybody.</description>
    </item>
    
  </channel>
</rss>