<?xml version="1.0" encoding="utf-8" standalone="yes" ?>
<rss version="2.0" xmlns:atom="http://www.w3.org/2005/Atom">
  <channel>
    <title>3-Implementation : software on Patrick Alin Site</title>
    <link>/software/3-implementation/</link>
    <description>Recent content in 3-Implementation : software on Patrick Alin Site</description>
    <generator>Hugo -- gohugo.io</generator>
    <language>en-us</language>
    <lastBuildDate>Sun, 25 Mar 2018 22:02:46 +0200</lastBuildDate>
    
	<atom:link href="/software/3-implementation/index.xml" rel="self" type="application/rss+xml" />
    
    
    <item>
      <title>Implementation : Hugo</title>
      <link>/software/3-implementation/implementationhugo/</link>
      <pubDate>Sun, 25 Mar 2018 22:02:47 +0200</pubDate>
      
      <guid>/software/3-implementation/implementationhugo/</guid>
      <description>Installation &amp;hellip;
Configuration Run &amp;hellip;
Links &amp;hellip;</description>
    </item>
    
    <item>
      <title>Implementation : JBoss</title>
      <link>/software/3-implementation/implementationjboss/</link>
      <pubDate>Sun, 25 Mar 2018 22:02:47 +0200</pubDate>
      
      <guid>/software/3-implementation/implementationjboss/</guid>
      <description>Installation &amp;hellip;
Configuration Run &amp;hellip;
Links &amp;hellip;</description>
    </item>
    
    <item>
      <title>Implementation : Nginx</title>
      <link>/software/3-implementation/implementationnginx/</link>
      <pubDate>Sun, 25 Mar 2018 22:02:47 +0200</pubDate>
      
      <guid>/software/3-implementation/implementationnginx/</guid>
      <description>Installation &amp;hellip;
Configuration Run &amp;hellip;
Links &amp;hellip;</description>
    </item>
    
  </channel>
</rss>