<?xml version="1.0" encoding="utf-8" standalone="yes" ?>
<rss version="2.0" xmlns:atom="http://www.w3.org/2005/Atom">
  <channel>
    <title>Git Ci on Patrick Alin Site</title>
    <link>/tags/git-ci/</link>
    <description>Recent content in Git Ci on Patrick Alin Site</description>
    <generator>Hugo -- gohugo.io</generator>
    <language>en-us</language>
    <lastBuildDate>Sun, 25 Mar 2018 22:00:16 +0200</lastBuildDate>
    
	<atom:link href="/tags/git-ci/index.xml" rel="self" type="application/rss+xml" />
    
    
    <item>
      <title>Implementation : GIT-CI</title>
      <link>/developertools/3-implementation/implementationgitci/</link>
      <pubDate>Sun, 25 Mar 2018 22:00:16 +0200</pubDate>
      
      <guid>/developertools/3-implementation/implementationgitci/</guid>
      <description>Installation &amp;hellip;
Configuration Run &amp;hellip;
Links &amp;hellip;</description>
    </item>
    
  </channel>
</rss>