<?xml version="1.0" encoding="utf-8" standalone="yes" ?>
<rss version="2.0" xmlns:atom="http://www.w3.org/2005/Atom">
  <channel>
    <title>2-Design : security on Patrick Alin Site</title>
    <link>/security/2-design/</link>
    <description>Recent content in 2-Design : security on Patrick Alin Site</description>
    <generator>Hugo -- gohugo.io</generator>
    <language>en-us</language>
    <lastBuildDate>Mon, 26 Mar 2018 22:20:49 +0200</lastBuildDate>
    
	<atom:link href="/security/2-design/index.xml" rel="self" type="application/rss+xml" />
    
    
    <item>
      <title>Design : Certificat</title>
      <link>/security/2-design/designcertificat/</link>
      <pubDate>Mon, 26 Mar 2018 22:20:50 +0200</pubDate>
      
      <guid>/security/2-design/designcertificat/</guid>
      <description>Lifecycle &amp;hellip;
Continuity of operations &amp;hellip;.
Data exchange &amp;hellip;
Roles &amp;hellip;
Constraints &amp;hellip;
Sizing &amp;hellip;</description>
    </item>
    
    <item>
      <title>Design : HSM</title>
      <link>/security/2-design/designhsm/</link>
      <pubDate>Mon, 26 Mar 2018 22:20:50 +0200</pubDate>
      
      <guid>/security/2-design/designhsm/</guid>
      <description>Lifecycle &amp;hellip;
Continuity of operations &amp;hellip;.
Data exchange &amp;hellip;
Roles &amp;hellip;
Constraints &amp;hellip;
Sizing &amp;hellip;</description>
    </item>
    
  </channel>
</rss>