<?xml version="1.0" encoding="utf-8" standalone="yes" ?>
<rss version="2.0" xmlns:atom="http://www.w3.org/2005/Atom">
  <channel>
    <title>Hadoop on Patrick Alin Site</title>
    <link>/tags/hadoop/</link>
    <description>Recent content in Hadoop on Patrick Alin Site</description>
    <generator>Hugo -- gohugo.io</generator>
    <language>en-us</language>
    <lastBuildDate>Sun, 25 Mar 2018 22:56:29 +0200</lastBuildDate>
    
	<atom:link href="/tags/hadoop/index.xml" rel="self" type="application/rss+xml" />
    
    
    <item>
      <title>Implementation : Hadoop</title>
      <link>/analytics/3-implementation/implementationhadoop/</link>
      <pubDate>Sun, 25 Mar 2018 22:56:29 +0200</pubDate>
      
      <guid>/analytics/3-implementation/implementationhadoop/</guid>
      <description>Installation &amp;hellip;
Configuration Run &amp;hellip;
Links &amp;hellip;</description>
    </item>
    
    <item>
      <title>Implementation : Hadoop</title>
      <link>/storage/3-implementation/implementationhadoop/</link>
      <pubDate>Sun, 25 Mar 2018 22:00:37 +0200</pubDate>
      
      <guid>/storage/3-implementation/implementationhadoop/</guid>
      <description>Installation &amp;hellip;
Configuration Run &amp;hellip;
Links &amp;hellip;</description>
    </item>
    
    <item>
      <title>3-Implementation : Analytics</title>
      <link>/analytics/3-implementation/</link>
      <pubDate>Sun, 25 Mar 2018 22:56:28 +0200</pubDate>
      
      <guid>/analytics/3-implementation/</guid>
      <description>  Implementation : Hadoop Implementation : Hadoop
  Implementation : Kibana Implementation : Kibana
  </description>
    </item>
    
  </channel>
</rss>