<?xml version="1.0" encoding="utf-8" standalone="yes" ?>
<rss version="2.0" xmlns:atom="http://www.w3.org/2005/Atom">
  <channel>
    <title>Etl Opentracing on Patrick Alin Site</title>
    <link>/tags/etl-opentracing/</link>
    <description>Recent content in Etl Opentracing on Patrick Alin Site</description>
    <generator>Hugo -- gohugo.io</generator>
    <language>en-us</language>
    <lastBuildDate>Sun, 25 Mar 2018 22:56:28 +0200</lastBuildDate>
    
	<atom:link href="/tags/etl-opentracing/index.xml" rel="self" type="application/rss+xml" />
    
    
    <item>
      <title>2-Design : Analytics</title>
      <link>/analytics/2-design/</link>
      <pubDate>Sun, 25 Mar 2018 22:56:28 +0200</pubDate>
      
      <guid>/analytics/2-design/</guid>
      <description>  Design : Bigdata Bigdata
  Design : ETL ETL
  Design : OpenTracing OpenTracing
  </description>
    </item>
    
  </channel>
</rss>