<?xml version="1.0" encoding="utf-8" standalone="yes" ?>
<rss version="2.0" xmlns:atom="http://www.w3.org/2005/Atom">
  <channel>
    <title>3-Implementation : Network on Patrick Alin Site</title>
    <link>/network/3-implementation/</link>
    <description>Recent content in 3-Implementation : Network on Patrick Alin Site</description>
    <generator>Hugo -- gohugo.io</generator>
    <language>en-us</language>
    <lastBuildDate>Sun, 25 Mar 2018 22:33:21 +0200</lastBuildDate>
    
	<atom:link href="/network/3-implementation/index.xml" rel="self" type="application/rss+xml" />
    
    
    <item>
      <title>Implementation : Route 53</title>
      <link>/network/3-implementation/implementationroute53/</link>
      <pubDate>Sun, 25 Mar 2018 22:33:22 +0200</pubDate>
      
      <guid>/network/3-implementation/implementationroute53/</guid>
      <description>Installation &amp;hellip;
Configuration Run &amp;hellip;
Links &amp;hellip;</description>
    </item>
    
    <item>
      <title>Implementation : Squid</title>
      <link>/network/3-implementation/implementationsquid/</link>
      <pubDate>Sun, 25 Mar 2018 22:33:22 +0200</pubDate>
      
      <guid>/network/3-implementation/implementationsquid/</guid>
      <description>Installation &amp;hellip;
Configuration Run &amp;hellip;
Links &amp;hellip;</description>
    </item>
    
  </channel>
</rss>